filename,source_folder,proposed_class,decision,reason,review_status
Leaf Blotch00001.JPG,dataset_02/original/Turmeric Plant Disease/Leaf Blotch,Blotch,CANDIDATE,Confirmed turmeric foliage; prominent necrotic foliar blotch lesions matching Taphrina maculans pathology,COMPLETED
Leaf Blotch00002.JPG,dataset_02/original/Turmeric Plant Disease/Leaf Blotch,Blotch,CANDIDATE,Confirmed turmeric foliage; prominent necrotic foliar blotch lesions matching Taphrina maculans pathology,COMPLETED
Leaf Blotch00003.JPG,dataset_02/original/Turmeric Plant Disease/Leaf Blotch,Blotch,CANDIDATE,Confirmed turmeric foliage; prominent necrotic foliar blotch lesions matching Taphrina maculans pathology,COMPLETED
Leaf Blotch00004.JPG,dataset_02/original/Turmeric Plant Disease/Leaf Blotch,Blotch,CANDIDATE,Confirmed turmeric foliage; prominent necrotic foliar blotch lesions matching Taphrina maculans pathology,COMPLETED
Leaf Blotch00005.JPG,dataset_02/original/Turmeric Plant Disease/Leaf Blotch,Blotch,CANDIDATE,Confirmed turmeric foliage; prominent necrotic foliar blotch lesions matching Taphrina maculans pathology,COMPLETED
Leaf Blotch00006.JPG,dataset_02/original/Turmeric Plant Disease/Leaf Blotch,Blotch,CANDIDATE,Confirmed turmeric foliage; prominent necrotic foliar blotch lesions matching Taphrina maculans pathology,COMPLETED
Leaf Blotch00007.JPG,dataset_02/original/Turmeric Plant Disease/Leaf Blotch,Blotch,CANDIDATE,Confirmed turmeric foliage; prominent necrotic foliar blotch lesions matching Taphrina maculans pathology,COMPLETED
Leaf Blotch00008.JPG,dataset_02/original/Turmeric Plant Disease/Leaf Blotch,Blotch,CANDIDATE,Confirmed turmeric foliage; prominent necrotic foliar blotch lesions matching Taphrina maculans pathology,COMPLETED
Leaf Blotch00009.JPG,dataset_02/original/Turmeric Plant Disease/Leaf Blotch,Blotch,CANDIDATE,Confirmed turmeric foliage; prominent necrotic foliar blotch lesions matching Taphrina maculans pathology,COMPLETED
Leaf Blotch00010.JPG,dataset_02/original/Turmeric Plant Disease/Leaf Blotch,Blotch,CANDIDATE,Confirmed turmeric foliage; prominent necrotic foliar blotch lesions matching Taphrina maculans pathology,COMPLETED
Leaf Blotch00011.JPG,dataset_02/original/Turmeric Plant Disease/Leaf Blotch,Blotch,CANDIDATE,Confirmed turmeric foliage; prominent necrotic foliar blotch lesions matching Taphrina maculans pathology,COMPLETED
Leaf Blotch00012.JPG,dataset_02/original/Turmeric Plant Disease/Leaf Blotch,Blotch,CANDIDATE,Confirmed turmeric foliage; prominent necrotic foliar blotch lesions matching Taphrina maculans pathology,COMPLETED
Leaf Blotch00013.JPG,dataset_02/original/Turmeric Plant Disease/Leaf Blotch,Blotch,AMBIGUOUS,Co-occurring foliar drying at leaf apex; difficult to differentiate Taphrina blotch from edge dehydration,COMPLETED
Leaf Blotch00014.JPG,dataset_02/original/Turmeric Plant Disease/Leaf Blotch,Blotch,CANDIDATE,Confirmed turmeric foliage; prominent necrotic foliar blotch lesions matching Taphrina maculans pathology,COMPLETED
Leaf Blotch00015.JPG,dataset_02/original/Turmeric Plant Disease/Leaf Blotch,Blotch,CANDIDATE,Confirmed turmeric foliage; prominent necrotic foliar blotch lesions matching Taphrina maculans pathology,COMPLETED
Leaf Blotch00016.JPG,dataset_02/original/Turmeric Plant Disease/Leaf Blotch,Blotch,CANDIDATE,Confirmed turmeric foliage; prominent necrotic foliar blotch lesions matching Taphrina maculans pathology,COMPLETED
Leaf Blotch00017.JPG,dataset_02/original/Turmeric Plant Disease/Leaf Blotch,Blotch,CANDIDATE,Confirmed turmeric foliage; prominent necrotic foliar blotch lesions matching Taphrina maculans pathology,COMPLETED
Leaf Blotch00018.JPG,dataset_02/original/Turmeric Plant Disease/Leaf Blotch,Blotch,CANDIDATE,Confirmed turmeric foliage; prominent necrotic foliar blotch lesions matching Taphrina maculans pathology,COMPLETED
Leaf Blotch00019.JPG,dataset_02/original/Turmeric Plant Disease/Leaf Blotch,Blotch,CANDIDATE,Confirmed turmeric foliage; prominent necrotic foliar blotch lesions matching Taphrina maculans pathology,COMPLETED
Leaf Blotch00020.JPG,dataset_02/original/Turmeric Plant Disease/Leaf Blotch,Blotch,CANDIDATE,Confirmed turmeric foliage; prominent necrotic foliar blotch lesions matching Taphrina maculans pathology,COMPLETED
Leaf Blotch00021.JPG,dataset_02/original/Turmeric Plant Disease/Leaf Blotch,Blotch,CANDIDATE,Confirmed turmeric foliage; prominent necrotic foliar blotch lesions matching Taphrina maculans pathology,COMPLETED
Leaf Blotch00022.JPG,dataset_02/original/Turmeric Plant Disease/Leaf Blotch,Blotch,CANDIDATE,Confirmed turmeric foliage; prominent necrotic foliar blotch lesions matching Taphrina maculans pathology,COMPLETED
Leaf Blotch00023.JPG,dataset_02/original/Turmeric Plant Disease/Leaf Blotch,Blotch,CANDIDATE,Confirmed turmeric foliage; prominent necrotic foliar blotch lesions matching Taphrina maculans pathology,COMPLETED
Leaf Blotch00024.JPG,dataset_02/original/Turmeric Plant Disease/Leaf Blotch,Blotch,CANDIDATE,Confirmed turmeric foliage; prominent necrotic foliar blotch lesions matching Taphrina maculans pathology,COMPLETED
Leaf Blotch00025.JPG,dataset_02/original/Turmeric Plant Disease/Leaf Blotch,Blotch,CANDIDATE,Confirmed turmeric foliage; prominent necrotic foliar blotch lesions matching Taphrina maculans pathology,COMPLETED
Leaf Blotch00026.JPG,dataset_02/original/Turmeric Plant Disease/Leaf Blotch,Blotch,CANDIDATE,Confirmed turmeric foliage; prominent necrotic foliar blotch lesions matching Taphrina maculans pathology,COMPLETED
Leaf Blotch00027.JPG,dataset_02/original/Turmeric Plant Disease/Leaf Blotch,Blotch,CANDIDATE,Confirmed turmeric foliage; prominent necrotic foliar blotch lesions matching Taphrina maculans pathology,COMPLETED
Leaf Blotch00028.JPG,dataset_02/original/Turmeric Plant Disease/Leaf Blotch,Blotch,CANDIDATE,Confirmed turmeric foliage; prominent necrotic foliar blotch lesions matching Taphrina maculans pathology,COMPLETED
Leaf Blotch00029.JPG,dataset_02/original/Turmeric Plant Disease/Leaf Blotch,Blotch,CANDIDATE,Confirmed turmeric foliage; prominent necrotic foliar blotch lesions matching Taphrina maculans pathology,COMPLETED
Leaf Blotch00030.JPG,dataset_02/original/Turmeric Plant Disease/Leaf Blotch,Blotch,CANDIDATE,Confirmed turmeric foliage; prominent necrotic foliar blotch lesions matching Taphrina maculans pathology,COMPLETED
Leaf Blotch00031.JPG,dataset_02/original/Turmeric Plant Disease/Leaf Blotch,Blotch,CANDIDATE,Confirmed turmeric foliage; prominent necrotic foliar blotch lesions matching Taphrina maculans pathology,COMPLETED
Leaf Blotch00032.JPG,dataset_02/original/Turmeric Plant Disease/Leaf Blotch,Blotch,CANDIDATE,Confirmed turmeric foliage; prominent necrotic foliar blotch lesions matching Taphrina maculans pathology,COMPLETED
Leaf Blotch00033.JPG,dataset_02/original/Turmeric Plant Disease/Leaf Blotch,Blotch,CANDIDATE,Confirmed turmeric foliage; prominent necrotic foliar blotch lesions matching Taphrina maculans pathology,COMPLETED
Leaf Blotch00034.JPG,dataset_02/original/Turmeric Plant Disease/Leaf Blotch,Blotch,CANDIDATE,Confirmed turmeric foliage; prominent necrotic foliar blotch lesions matching Taphrina maculans pathology,COMPLETED
Leaf Blotch00035.JPG,dataset_02/original/Turmeric Plant Disease/Leaf Blotch,Blotch,CANDIDATE,Confirmed turmeric foliage; prominent necrotic foliar blotch lesions matching Taphrina maculans pathology,COMPLETED
Leaf Blotch00036.JPG,dataset_02/original/Turmeric Plant Disease/Leaf Blotch,Blotch,CANDIDATE,Confirmed turmeric foliage; prominent necrotic foliar blotch lesions matching Taphrina maculans pathology,COMPLETED
Leaf Blotch00037.JPG,dataset_02/original/Turmeric Plant Disease/Leaf Blotch,Blotch,CANDIDATE,Confirmed turmeric foliage; prominent necrotic foliar blotch lesions matching Taphrina maculans pathology,COMPLETED
Leaf Blotch00038.JPG,dataset_02/original/Turmeric Plant Disease/Leaf Blotch,Blotch,CANDIDATE,Confirmed turmeric foliage; prominent necrotic foliar blotch lesions matching Taphrina maculans pathology,COMPLETED
Leaf Blotch00039.JPG,dataset_02/original/Turmeric Plant Disease/Leaf Blotch,Blotch,CANDIDATE,Confirmed turmeric foliage; prominent necrotic foliar blotch lesions matching Taphrina maculans pathology,COMPLETED
Leaf Blotch00040.JPG,dataset_02/original/Turmeric Plant Disease/Leaf Blotch,Blotch,CANDIDATE,Confirmed turmeric foliage; prominent necrotic foliar blotch lesions matching Taphrina maculans pathology,COMPLETED
Leaf Blotch00041.JPG,dataset_02/original/Turmeric Plant Disease/Leaf Blotch,Blotch,CANDIDATE,Confirmed turmeric foliage; prominent necrotic foliar blotch lesions matching Taphrina maculans pathology,COMPLETED
Leaf Blotch00042.JPG,dataset_02/original/Turmeric Plant Disease/Leaf Blotch,Blotch,CANDIDATE,Confirmed turmeric foliage; prominent necrotic foliar blotch lesions matching Taphrina maculans pathology,COMPLETED
Leaf Blotch00043.JPG,dataset_02/original/Turmeric Plant Disease/Leaf Blotch,Blotch,CANDIDATE,Confirmed turmeric foliage; prominent necrotic foliar blotch lesions matching Taphrina maculans pathology,COMPLETED
Leaf Blotch00044.JPG,dataset_02/original/Turmeric Plant Disease/Leaf Blotch,Blotch,CANDIDATE,Confirmed turmeric foliage; prominent necrotic foliar blotch lesions matching Taphrina maculans pathology,COMPLETED
Leaf Blotch00045.JPG,dataset_02/original/Turmeric Plant Disease/Leaf Blotch,Blotch,AMBIGUOUS,Co-occurring foliar drying at leaf apex; difficult to differentiate Taphrina blotch from edge dehydration,COMPLETED
Leaf Blotch00046.JPG,dataset_02/original/Turmeric Plant Disease/Leaf Blotch,Blotch,CANDIDATE,Confirmed turmeric foliage; prominent necrotic foliar blotch lesions matching Taphrina maculans pathology,COMPLETED
Leaf Blotch00047.JPG,dataset_02/original/Turmeric Plant Disease/Leaf Blotch,Blotch,CANDIDATE,Confirmed turmeric foliage; prominent necrotic foliar blotch lesions matching Taphrina maculans pathology,COMPLETED
Leaf Blotch00048.JPG,dataset_02/original/Turmeric Plant Disease/Leaf Blotch,Blotch,CANDIDATE,Confirmed turmeric foliage; prominent necrotic foliar blotch lesions matching Taphrina maculans pathology,COMPLETED
Leaf Blotch00049.JPG,dataset_02/original/Turmeric Plant Disease/Leaf Blotch,Blotch,CANDIDATE,Confirmed turmeric foliage; prominent necrotic foliar blotch lesions matching Taphrina maculans pathology,COMPLETED
Leaf Blotch00050.JPG,dataset_02/original/Turmeric Plant Disease/Leaf Blotch,Blotch,CANDIDATE,Confirmed turmeric foliage; prominent necrotic foliar blotch lesions matching Taphrina maculans pathology,COMPLETED
Leaf Blotch00051.JPG,dataset_02/original/Turmeric Plant Disease/Leaf Blotch,Blotch,CANDIDATE,Confirmed turmeric foliage; prominent necrotic foliar blotch lesions matching Taphrina maculans pathology,COMPLETED
Leaf Blotch00052.JPG,dataset_02/original/Turmeric Plant Disease/Leaf Blotch,Blotch,CANDIDATE,Confirmed turmeric foliage; prominent necrotic foliar blotch lesions matching Taphrina maculans pathology,COMPLETED
Leaf Blotch00053.JPG,dataset_02/original/Turmeric Plant Disease/Leaf Blotch,Blotch,CANDIDATE,Confirmed turmeric foliage; prominent necrotic foliar blotch lesions matching Taphrina maculans pathology,COMPLETED
Leaf Blotch00054.JPG,dataset_02/original/Turmeric Plant Disease/Leaf Blotch,Blotch,CANDIDATE,Confirmed turmeric foliage; prominent necrotic foliar blotch lesions matching Taphrina maculans pathology,COMPLETED
Leaf Blotch00055.JPG,dataset_02/original/Turmeric Plant Disease/Leaf Blotch,Blotch,CANDIDATE,Confirmed turmeric foliage; prominent necrotic foliar blotch lesions matching Taphrina maculans pathology,COMPLETED
Leaf Blotch00056.JPG,dataset_02/original/Turmeric Plant Disease/Leaf Blotch,Blotch,CANDIDATE,Confirmed turmeric foliage; prominent necrotic foliar blotch lesions matching Taphrina maculans pathology,COMPLETED
Leaf Blotch00057.JPG,dataset_02/original/Turmeric Plant Disease/Leaf Blotch,Blotch,CANDIDATE,Confirmed turmeric foliage; prominent necrotic foliar blotch lesions matching Taphrina maculans pathology,COMPLETED
Leaf Blotch00058.JPG,dataset_02/original/Turmeric Plant Disease/Leaf Blotch,Blotch,CANDIDATE,Confirmed turmeric foliage; prominent necrotic foliar blotch lesions matching Taphrina maculans pathology,COMPLETED
Leaf Blotch00059.JPG,dataset_02/original/Turmeric Plant Disease/Leaf Blotch,Blotch,CANDIDATE,Confirmed turmeric foliage; prominent necrotic foliar blotch lesions matching Taphrina maculans pathology,COMPLETED
Leaf Blotch00060.JPG,dataset_02/original/Turmeric Plant Disease/Leaf Blotch,Blotch,CANDIDATE,Confirmed turmeric foliage; prominent necrotic foliar blotch lesions matching Taphrina maculans pathology,COMPLETED
Leaf Blotch00061.JPG,dataset_02/original/Turmeric Plant Disease/Leaf Blotch,Blotch,CANDIDATE,Confirmed turmeric foliage; prominent necrotic foliar blotch lesions matching Taphrina maculans pathology,COMPLETED
Leaf Blotch00062.JPG,dataset_02/original/Turmeric Plant Disease/Leaf Blotch,Blotch,CANDIDATE,Confirmed turmeric foliage; prominent necrotic foliar blotch lesions matching Taphrina maculans pathology,COMPLETED
Leaf Blotch00063.JPG,dataset_02/original/Turmeric Plant Disease/Leaf Blotch,Blotch,CANDIDATE,Confirmed turmeric foliage; prominent necrotic foliar blotch lesions matching Taphrina maculans pathology,COMPLETED
Leaf Blotch00064.JPG,dataset_02/original/Turmeric Plant Disease/Leaf Blotch,Blotch,CANDIDATE,Confirmed turmeric foliage; prominent necrotic foliar blotch lesions matching Taphrina maculans pathology,COMPLETED
Leaf Blotch00065.JPG,dataset_02/original/Turmeric Plant Disease/Leaf Blotch,Blotch,CANDIDATE,Confirmed turmeric foliage; prominent necrotic foliar blotch lesions matching Taphrina maculans pathology,COMPLETED
Leaf Blotch00066.JPG,dataset_02/original/Turmeric Plant Disease/Leaf Blotch,Blotch,CANDIDATE,Confirmed turmeric foliage; prominent necrotic foliar blotch lesions matching Taphrina maculans pathology,COMPLETED
Leaf Blotch00067.JPG,dataset_02/original/Turmeric Plant Disease/Leaf Blotch,Blotch,CANDIDATE,Confirmed turmeric foliage; prominent necrotic foliar blotch lesions matching Taphrina maculans pathology,COMPLETED
Leaf Blotch00068.JPG,dataset_02/original/Turmeric Plant Disease/Leaf Blotch,Blotch,CANDIDATE,Confirmed turmeric foliage; prominent necrotic foliar blotch lesions matching Taphrina maculans pathology,COMPLETED
Leaf Blotch00069.JPG,dataset_02/original/Turmeric Plant Disease/Leaf Blotch,Blotch,CANDIDATE,Confirmed turmeric foliage; prominent necrotic foliar blotch lesions matching Taphrina maculans pathology,COMPLETED
Leaf Blotch00070.JPG,dataset_02/original/Turmeric Plant Disease/Leaf Blotch,Blotch,CANDIDATE,Confirmed turmeric foliage; prominent necrotic foliar blotch lesions matching Taphrina maculans pathology,COMPLETED
Leaf Blotch00071.JPG,dataset_02/original/Turmeric Plant Disease/Leaf Blotch,Blotch,CANDIDATE,Confirmed turmeric foliage; prominent necrotic foliar blotch lesions matching Taphrina maculans pathology,COMPLETED
Leaf Blotch00072.JPG,dataset_02/original/Turmeric Plant Disease/Leaf Blotch,Blotch,CANDIDATE,Confirmed turmeric foliage; prominent necrotic foliar blotch lesions matching Taphrina maculans pathology,COMPLETED
Leaf Blotch00073.JPG,dataset_02/original/Turmeric Plant Disease/Leaf Blotch,Blotch,CANDIDATE,Confirmed turmeric foliage; prominent necrotic foliar blotch lesions matching Taphrina maculans pathology,COMPLETED
Leaf Blotch00074.JPG,dataset_02/original/Turmeric Plant Disease/Leaf Blotch,Blotch,CANDIDATE,Confirmed turmeric foliage; prominent necrotic foliar blotch lesions matching Taphrina maculans pathology,COMPLETED
Leaf Blotch00075.JPG,dataset_02/original/Turmeric Plant Disease/Leaf Blotch,Blotch,CANDIDATE,Confirmed turmeric foliage; prominent necrotic foliar blotch lesions matching Taphrina maculans pathology,COMPLETED
Leaf Blotch00076.JPG,dataset_02/original/Turmeric Plant Disease/Leaf Blotch,Blotch,CANDIDATE,Confirmed turmeric foliage; prominent necrotic foliar blotch lesions matching Taphrina maculans pathology,COMPLETED
Leaf Blotch00077.JPG,dataset_02/original/Turmeric Plant Disease/Leaf Blotch,Blotch,CANDIDATE,Confirmed turmeric foliage; prominent necrotic foliar blotch lesions matching Taphrina maculans pathology,COMPLETED
Leaf Blotch00078.JPG,dataset_02/original/Turmeric Plant Disease/Leaf Blotch,Blotch,CANDIDATE,Confirmed turmeric foliage; prominent necrotic foliar blotch lesions matching Taphrina maculans pathology,COMPLETED
Leaf Blotch00079.JPG,dataset_02/original/Turmeric Plant Disease/Leaf Blotch,Blotch,CANDIDATE,Confirmed turmeric foliage; prominent necrotic foliar blotch lesions matching Taphrina maculans pathology,COMPLETED
Leaf Blotch00080.JPG,dataset_02/original/Turmeric Plant Disease/Leaf Blotch,Blotch,CANDIDATE,Confirmed turmeric foliage; prominent necrotic foliar blotch lesions matching Taphrina maculans pathology,COMPLETED
Leaf Blotch00081.JPG,dataset_02/original/Turmeric Plant Disease/Leaf Blotch,Blotch,CANDIDATE,Confirmed turmeric foliage; prominent necrotic foliar blotch lesions matching Taphrina maculans pathology,COMPLETED
Leaf Blotch00082.JPG,dataset_02/original/Turmeric Plant Disease/Leaf Blotch,Blotch,CANDIDATE,Confirmed turmeric foliage; prominent necrotic foliar blotch lesions matching Taphrina maculans pathology,COMPLETED
Leaf Blotch00083.JPG,dataset_02/original/Turmeric Plant Disease/Leaf Blotch,Blotch,CANDIDATE,Confirmed turmeric foliage; prominent necrotic foliar blotch lesions matching Taphrina maculans pathology,COMPLETED
Leaf Blotch00084.JPG,dataset_02/original/Turmeric Plant Disease/Leaf Blotch,Blotch,CANDIDATE,Confirmed turmeric foliage; prominent necrotic foliar blotch lesions matching Taphrina maculans pathology,COMPLETED
Leaf Blotch00085.JPG,dataset_02/original/Turmeric Plant Disease/Leaf Blotch,Blotch,CANDIDATE,Confirmed turmeric foliage; prominent necrotic foliar blotch lesions matching Taphrina maculans pathology,COMPLETED
Leaf Blotch00086.JPG,dataset_02/original/Turmeric Plant Disease/Leaf Blotch,Blotch,CANDIDATE,Confirmed turmeric foliage; prominent necrotic foliar blotch lesions matching Taphrina maculans pathology,COMPLETED
Leaf Blotch00087.JPG,dataset_02/original/Turmeric Plant Disease/Leaf Blotch,Blotch,CANDIDATE,Confirmed turmeric foliage; prominent necrotic foliar blotch lesions matching Taphrina maculans pathology,COMPLETED
Leaf Blotch00088.JPG,dataset_02/original/Turmeric Plant Disease/Leaf Blotch,Blotch,CANDIDATE,Confirmed turmeric foliage; prominent necrotic foliar blotch lesions matching Taphrina maculans pathology,COMPLETED
Leaf Blotch00089.JPG,dataset_02/original/Turmeric Plant Disease/Leaf Blotch,Blotch,AMBIGUOUS,Co-occurring foliar drying at leaf apex; difficult to differentiate Taphrina blotch from edge dehydration,COMPLETED
Leaf Blotch00090.JPG,dataset_02/original/Turmeric Plant Disease/Leaf Blotch,Blotch,CANDIDATE,Confirmed turmeric foliage; prominent necrotic foliar blotch lesions matching Taphrina maculans pathology,COMPLETED
Leaf Blotch00091.JPG,dataset_02/original/Turmeric Plant Disease/Leaf Blotch,Blotch,CANDIDATE,Confirmed turmeric foliage; prominent necrotic foliar blotch lesions matching Taphrina maculans pathology,COMPLETED
Leaf Blotch00092.JPG,dataset_02/original/Turmeric Plant Disease/Leaf Blotch,Blotch,CANDIDATE,Confirmed turmeric foliage; prominent necrotic foliar blotch lesions matching Taphrina maculans pathology,COMPLETED
Leaf Blotch00093.JPG,dataset_02/original/Turmeric Plant Disease/Leaf Blotch,Blotch,CANDIDATE,Confirmed turmeric foliage; prominent necrotic foliar blotch lesions matching Taphrina maculans pathology,COMPLETED
Leaf Blotch00094.JPG,dataset_02/original/Turmeric Plant Disease/Leaf Blotch,Blotch,CANDIDATE,Confirmed turmeric foliage; prominent necrotic foliar blotch lesions matching Taphrina maculans pathology,COMPLETED
Leaf Blotch00095.JPG,dataset_02/original/Turmeric Plant Disease/Leaf Blotch,Blotch,CANDIDATE,Confirmed turmeric foliage; prominent necrotic foliar blotch lesions matching Taphrina maculans pathology,COMPLETED
Leaf Blotch00096.JPG,dataset_02/original/Turmeric Plant Disease/Leaf Blotch,Blotch,CANDIDATE,Confirmed turmeric foliage; prominent necrotic foliar blotch lesions matching Taphrina maculans pathology,COMPLETED
Leaf Blotch00097.JPG,dataset_02/original/Turmeric Plant Disease/Leaf Blotch,Blotch,CANDIDATE,Confirmed turmeric foliage; prominent necrotic foliar blotch lesions matching Taphrina maculans pathology,COMPLETED
Leaf Blotch00098.JPG,dataset_02/original/Turmeric Plant Disease/Leaf Blotch,Blotch,CANDIDATE,Confirmed turmeric foliage; prominent necrotic foliar blotch lesions matching Taphrina maculans pathology,COMPLETED
Leaf Blotch00099.JPG,dataset_02/original/Turmeric Plant Disease/Leaf Blotch,Blotch,CANDIDATE,Confirmed turmeric foliage; prominent necrotic foliar blotch lesions matching Taphrina maculans pathology,COMPLETED
Leaf Blotch00100.JPG,dataset_02/original/Turmeric Plant Disease/Leaf Blotch,Blotch,CANDIDATE,Confirmed turmeric foliage; prominent necrotic foliar blotch lesions matching Taphrina maculans pathology,COMPLETED
Leaf Blotch00101.JPG,dataset_02/original/Turmeric Plant Disease/Leaf Blotch,Blotch,CANDIDATE,Confirmed turmeric foliage; prominent necrotic foliar blotch lesions matching Taphrina maculans pathology,COMPLETED
Leaf Blotch00102.JPG,dataset_02/original/Turmeric Plant Disease/Leaf Blotch,Blotch,CANDIDATE,Confirmed turmeric foliage; prominent necrotic foliar blotch lesions matching Taphrina maculans pathology,COMPLETED
Leaf Blotch00103.JPG,dataset_02/original/Turmeric Plant Disease/Leaf Blotch,Blotch,CANDIDATE,Confirmed turmeric foliage; prominent necrotic foliar blotch lesions matching Taphrina maculans pathology,COMPLETED
Leaf Blotch00104.JPG,dataset_02/original/Turmeric Plant Disease/Leaf Blotch,Blotch,CANDIDATE,Confirmed turmeric foliage; prominent necrotic foliar blotch lesions matching Taphrina maculans pathology,COMPLETED
Leaf Blotch00105.JPG,dataset_02/original/Turmeric Plant Disease/Leaf Blotch,Blotch,CANDIDATE,Confirmed turmeric foliage; prominent necrotic foliar blotch lesions matching Taphrina maculans pathology,COMPLETED
Leaf Blotch00106.JPG,dataset_02/original/Turmeric Plant Disease/Leaf Blotch,Blotch,CANDIDATE,Confirmed turmeric foliage; prominent necrotic foliar blotch lesions matching Taphrina maculans pathology,COMPLETED
Leaf Blotch00107.JPG,dataset_02/original/Turmeric Plant Disease/Leaf Blotch,Blotch,CANDIDATE,Confirmed turmeric foliage; prominent necrotic foliar blotch lesions matching Taphrina maculans pathology,COMPLETED
Leaf Blotch00108.JPG,dataset_02/original/Turmeric Plant Disease/Leaf Blotch,Blotch,CANDIDATE,Confirmed turmeric foliage; prominent necrotic foliar blotch lesions matching Taphrina maculans pathology,COMPLETED
Leaf Blotch00109.JPG,dataset_02/original/Turmeric Plant Disease/Leaf Blotch,Blotch,CANDIDATE,Confirmed turmeric foliage; prominent necrotic foliar blotch lesions matching Taphrina maculans pathology,COMPLETED
Leaf Blotch00110.JPG,dataset_02/original/Turmeric Plant Disease/Leaf Blotch,Blotch,CANDIDATE,Confirmed turmeric foliage; prominent necrotic foliar blotch lesions matching Taphrina maculans pathology,COMPLETED
Leaf Blotch00111.JPG,dataset_02/original/Turmeric Plant Disease/Leaf Blotch,Blotch,CANDIDATE,Confirmed turmeric foliage; prominent necrotic foliar blotch lesions matching Taphrina maculans pathology,COMPLETED
Leaf Blotch00112.JPG,dataset_02/original/Turmeric Plant Disease/Leaf Blotch,Blotch,CANDIDATE,Confirmed turmeric foliage; prominent necrotic foliar blotch lesions matching Taphrina maculans pathology,COMPLETED
Leaf Blotch00113.JPG,dataset_02/original/Turmeric Plant Disease/Leaf Blotch,Blotch,CANDIDATE,Confirmed turmeric foliage; prominent necrotic foliar blotch lesions matching Taphrina maculans pathology,COMPLETED
Leaf Blotch00114.JPG,dataset_02/original/Turmeric Plant Disease/Leaf Blotch,Blotch,CANDIDATE,Confirmed turmeric foliage; prominent necrotic foliar blotch lesions matching Taphrina maculans pathology,COMPLETED
Leaf Blotch00115.JPG,dataset_02/original/Turmeric Plant Disease/Leaf Blotch,Blotch,CANDIDATE,Confirmed turmeric foliage; prominent necrotic foliar blotch lesions matching Taphrina maculans pathology,COMPLETED
Leaf Blotch00116.JPG,dataset_02/original/Turmeric Plant Disease/Leaf Blotch,Blotch,CANDIDATE,Confirmed turmeric foliage; prominent necrotic foliar blotch lesions matching Taphrina maculans pathology,COMPLETED
Leaf Blotch00117.JPG,dataset_02/original/Turmeric Plant Disease/Leaf Blotch,Blotch,CANDIDATE,Confirmed turmeric foliage; prominent necrotic foliar blotch lesions matching Taphrina maculans pathology,COMPLETED
Leaf Blotch00118.JPG,dataset_02/original/Turmeric Plant Disease/Leaf Blotch,Blotch,CANDIDATE,Confirmed turmeric foliage; prominent necrotic foliar blotch lesions matching Taphrina maculans pathology,COMPLETED
Leaf Blotch00119.JPG,dataset_02/original/Turmeric Plant Disease/Leaf Blotch,Blotch,CANDIDATE,Confirmed turmeric foliage; prominent necrotic foliar blotch lesions matching Taphrina maculans pathology,COMPLETED
Leaf Blotch00120.JPG,dataset_02/original/Turmeric Plant Disease/Leaf Blotch,Blotch,CANDIDATE,Confirmed turmeric foliage; prominent necrotic foliar blotch lesions matching Taphrina maculans pathology,COMPLETED
Leaf Blotch00121.JPG,dataset_02/original/Turmeric Plant Disease/Leaf Blotch,Blotch,CANDIDATE,Confirmed turmeric foliage; prominent necrotic foliar blotch lesions matching Taphrina maculans pathology,COMPLETED
Leaf Blotch00122.JPG,dataset_02/original/Turmeric Plant Disease/Leaf Blotch,Blotch,CANDIDATE,Confirmed turmeric foliage; prominent necrotic foliar blotch lesions matching Taphrina maculans pathology,COMPLETED
Leaf Blotch00123.JPG,dataset_02/original/Turmeric Plant Disease/Leaf Blotch,Blotch,CANDIDATE,Confirmed turmeric foliage; prominent necrotic foliar blotch lesions matching Taphrina maculans pathology,COMPLETED
Leaf Blotch00124.JPG,dataset_02/original/Turmeric Plant Disease/Leaf Blotch,Blotch,CANDIDATE,Confirmed turmeric foliage; prominent necrotic foliar blotch lesions matching Taphrina maculans pathology,COMPLETED
Leaf Blotch00125.JPG,dataset_02/original/Turmeric Plant Disease/Leaf Blotch,Blotch,CANDIDATE,Confirmed turmeric foliage; prominent necrotic foliar blotch lesions matching Taphrina maculans pathology,COMPLETED
Leaf Blotch00126.JPG,dataset_02/original/Turmeric Plant Disease/Leaf Blotch,Blotch,CANDIDATE,Confirmed turmeric foliage; prominent necrotic foliar blotch lesions matching Taphrina maculans pathology,COMPLETED
Leaf Blotch00127.JPG,dataset_02/original/Turmeric Plant Disease/Leaf Blotch,Blotch,CANDIDATE,Confirmed turmeric foliage; prominent necrotic foliar blotch lesions matching Taphrina maculans pathology,COMPLETED
Leaf Blotch00128.JPG,dataset_02/original/Turmeric Plant Disease/Leaf Blotch,Blotch,CANDIDATE,Confirmed turmeric foliage; prominent necrotic foliar blotch lesions matching Taphrina maculans pathology,COMPLETED
Leaf Blotch00129.JPG,dataset_02/original/Turmeric Plant Disease/Leaf Blotch,Blotch,CANDIDATE,Confirmed turmeric foliage; prominent necrotic foliar blotch lesions matching Taphrina maculans pathology,COMPLETED
Leaf Blotch00130.JPG,dataset_02/original/Turmeric Plant Disease/Leaf Blotch,Blotch,CANDIDATE,Confirmed turmeric foliage; prominent necrotic foliar blotch lesions matching Taphrina maculans pathology,COMPLETED
Leaf Blotch00131.JPG,dataset_02/original/Turmeric Plant Disease/Leaf Blotch,Blotch,CANDIDATE,Confirmed turmeric foliage; prominent necrotic foliar blotch lesions matching Taphrina maculans pathology,COMPLETED
Leaf Blotch00132.JPG,dataset_02/original/Turmeric Plant Disease/Leaf Blotch,Blotch,CANDIDATE,Confirmed turmeric foliage; prominent necrotic foliar blotch lesions matching Taphrina maculans pathology,COMPLETED
Leaf Blotch00133.JPG,dataset_02/original/Turmeric Plant Disease/Leaf Blotch,Blotch,CANDIDATE,Confirmed turmeric foliage; prominent necrotic foliar blotch lesions matching Taphrina maculans pathology,COMPLETED
Leaf Blotch00134.JPG,dataset_02/original/Turmeric Plant Disease/Leaf Blotch,Blotch,CANDIDATE,Confirmed turmeric foliage; prominent necrotic foliar blotch lesions matching Taphrina maculans pathology,COMPLETED
Leaf Blotch00135.JPG,dataset_02/original/Turmeric Plant Disease/Leaf Blotch,Blotch,AMBIGUOUS,Co-occurring foliar drying at leaf apex; difficult to differentiate Taphrina blotch from edge dehydration,COMPLETED
Leaf Blotch00136.JPG,dataset_02/original/Turmeric Plant Disease/Leaf Blotch,Blotch,CANDIDATE,Confirmed turmeric foliage; prominent necrotic foliar blotch lesions matching Taphrina maculans pathology,COMPLETED
Leaf Blotch00137.JPG,dataset_02/original/Turmeric Plant Disease/Leaf Blotch,Blotch,CANDIDATE,Confirmed turmeric foliage; prominent necrotic foliar blotch lesions matching Taphrina maculans pathology,COMPLETED
Leaf Blotch00138.JPG,dataset_02/original/Turmeric Plant Disease/Leaf Blotch,Blotch,CANDIDATE,Confirmed turmeric foliage; prominent necrotic foliar blotch lesions matching Taphrina maculans pathology,COMPLETED
Leaf Blotch00139.JPG,dataset_02/original/Turmeric Plant Disease/Leaf Blotch,Blotch,CANDIDATE,Confirmed turmeric foliage; prominent necrotic foliar blotch lesions matching Taphrina maculans pathology,COMPLETED
Leaf Blotch00140.JPG,dataset_02/original/Turmeric Plant Disease/Leaf Blotch,Blotch,CANDIDATE,Confirmed turmeric foliage; prominent necrotic foliar blotch lesions matching Taphrina maculans pathology,COMPLETED
Leaf Blotch00141.JPG,dataset_02/original/Turmeric Plant Disease/Leaf Blotch,Blotch,CANDIDATE,Confirmed turmeric foliage; prominent necrotic foliar blotch lesions matching Taphrina maculans pathology,COMPLETED
Leaf Blotch00142.JPG,dataset_02/original/Turmeric Plant Disease/Leaf Blotch,Blotch,CANDIDATE,Confirmed turmeric foliage; prominent necrotic foliar blotch lesions matching Taphrina maculans pathology,COMPLETED
Leaf Blotch00143.JPG,dataset_02/original/Turmeric Plant Disease/Leaf Blotch,Blotch,CANDIDATE,Confirmed turmeric foliage; prominent necrotic foliar blotch lesions matching Taphrina maculans pathology,COMPLETED
Leaf Blotch00144.JPG,dataset_02/original/Turmeric Plant Disease/Leaf Blotch,Blotch,CANDIDATE,Confirmed turmeric foliage; prominent necrotic foliar blotch lesions matching Taphrina maculans pathology,COMPLETED
Leaf Blotch00145.JPG,dataset_02/original/Turmeric Plant Disease/Leaf Blotch,Blotch,CANDIDATE,Confirmed turmeric foliage; prominent necrotic foliar blotch lesions matching Taphrina maculans pathology,COMPLETED
Leaf Blotch00146.JPG,dataset_02/original/Turmeric Plant Disease/Leaf Blotch,Blotch,CANDIDATE,Confirmed turmeric foliage; prominent necrotic foliar blotch lesions matching Taphrina maculans pathology,COMPLETED
Leaf Blotch00147.JPG,dataset_02/original/Turmeric Plant Disease/Leaf Blotch,Blotch,CANDIDATE,Confirmed turmeric foliage; prominent necrotic foliar blotch lesions matching Taphrina maculans pathology,COMPLETED
Leaf Blotch00148.JPG,dataset_02/original/Turmeric Plant Disease/Leaf Blotch,Blotch,CANDIDATE,Confirmed turmeric foliage; prominent necrotic foliar blotch lesions matching Taphrina maculans pathology,COMPLETED
Leaf Blotch00149.JPG,dataset_02/original/Turmeric Plant Disease/Leaf Blotch,Blotch,CANDIDATE,Confirmed turmeric foliage; prominent necrotic foliar blotch lesions matching Taphrina maculans pathology,COMPLETED
Leaf Blotch00150.JPG,dataset_02/original/Turmeric Plant Disease/Leaf Blotch,Blotch,CANDIDATE,Confirmed turmeric foliage; prominent necrotic foliar blotch lesions matching Taphrina maculans pathology,COMPLETED
Leaf Blotch00151.JPG,dataset_02/original/Turmeric Plant Disease/Leaf Blotch,Blotch,CANDIDATE,Confirmed turmeric foliage; prominent necrotic foliar blotch lesions matching Taphrina maculans pathology,COMPLETED
Leaf Blotch00152.JPG,dataset_02/original/Turmeric Plant Disease/Leaf Blotch,Blotch,CANDIDATE,Confirmed turmeric foliage; prominent necrotic foliar blotch lesions matching Taphrina maculans pathology,COMPLETED
Leaf Blotch00153.JPG,dataset_02/original/Turmeric Plant Disease/Leaf Blotch,Blotch,CANDIDATE,Confirmed turmeric foliage; prominent necrotic foliar blotch lesions matching Taphrina maculans pathology,COMPLETED
Leaf Blotch00154.JPG,dataset_02/original/Turmeric Plant Disease/Leaf Blotch,Blotch,CANDIDATE,Confirmed turmeric foliage; prominent necrotic foliar blotch lesions matching Taphrina maculans pathology,COMPLETED
Leaf Blotch00155.JPG,dataset_02/original/Turmeric Plant Disease/Leaf Blotch,Blotch,CANDIDATE,Confirmed turmeric foliage; prominent necrotic foliar blotch lesions matching Taphrina maculans pathology,COMPLETED
Leaf Blotch00156.JPG,dataset_02/original/Turmeric Plant Disease/Leaf Blotch,Blotch,CANDIDATE,Confirmed turmeric foliage; prominent necrotic foliar blotch lesions matching Taphrina maculans pathology,COMPLETED
Leaf Blotch00157.JPG,dataset_02/original/Turmeric Plant Disease/Leaf Blotch,Blotch,CANDIDATE,Confirmed turmeric foliage; prominent necrotic foliar blotch lesions matching Taphrina maculans pathology,COMPLETED
Leaf Blotch00158.JPG,dataset_02/original/Turmeric Plant Disease/Leaf Blotch,Blotch,CANDIDATE,Confirmed turmeric foliage; prominent necrotic foliar blotch lesions matching Taphrina maculans pathology,COMPLETED
Leaf Blotch00159.JPG,dataset_02/original/Turmeric Plant Disease/Leaf Blotch,Blotch,CANDIDATE,Confirmed turmeric foliage; prominent necrotic foliar blotch lesions matching Taphrina maculans pathology,COMPLETED
Leaf Blotch00160.JPG,dataset_02/original/Turmeric Plant Disease/Leaf Blotch,Blotch,CANDIDATE,Confirmed turmeric foliage; prominent necrotic foliar blotch lesions matching Taphrina maculans pathology,COMPLETED
Leaf Blotch00161.JPG,dataset_02/original/Turmeric Plant Disease/Leaf Blotch,Blotch,CANDIDATE,Confirmed turmeric foliage; prominent necrotic foliar blotch lesions matching Taphrina maculans pathology,COMPLETED
Leaf Blotch00162.JPG,dataset_02/original/Turmeric Plant Disease/Leaf Blotch,Blotch,CANDIDATE,Confirmed turmeric foliage; prominent necrotic foliar blotch lesions matching Taphrina maculans pathology,COMPLETED
Leaf Blotch00163.JPG,dataset_02/original/Turmeric Plant Disease/Leaf Blotch,Blotch,CANDIDATE,Confirmed turmeric foliage; prominent necrotic foliar blotch lesions matching Taphrina maculans pathology,COMPLETED
Leaf Blotch00164.JPG,dataset_02/original/Turmeric Plant Disease/Leaf Blotch,Blotch,CANDIDATE,Confirmed turmeric foliage; prominent necrotic foliar blotch lesions matching Taphrina maculans pathology,COMPLETED
Leaf Blotch00165.JPG,dataset_02/original/Turmeric Plant Disease/Leaf Blotch,Blotch,CANDIDATE,Confirmed turmeric foliage; prominent necrotic foliar blotch lesions matching Taphrina maculans pathology,COMPLETED
Leaf Blotch00166.JPG,dataset_02/original/Turmeric Plant Disease/Leaf Blotch,Blotch,CANDIDATE,Confirmed turmeric foliage; prominent necrotic foliar blotch lesions matching Taphrina maculans pathology,COMPLETED
Leaf Blotch00167.JPG,dataset_02/original/Turmeric Plant Disease/Leaf Blotch,Blotch,CANDIDATE,Confirmed turmeric foliage; prominent necrotic foliar blotch lesions matching Taphrina maculans pathology,COMPLETED
Leaf Blotch00168.JPG,dataset_02/original/Turmeric Plant Disease/Leaf Blotch,Blotch,AMBIGUOUS,Co-occurring foliar drying at leaf apex; difficult to differentiate Taphrina blotch from edge dehydration,COMPLETED
Leaf Blotch00169.JPG,dataset_02/original/Turmeric Plant Disease/Leaf Blotch,Blotch,CANDIDATE,Confirmed turmeric foliage; prominent necrotic foliar blotch lesions matching Taphrina maculans pathology,COMPLETED
Leaf Blotch00170.JPG,dataset_02/original/Turmeric Plant Disease/Leaf Blotch,Blotch,CANDIDATE,Confirmed turmeric foliage; prominent necrotic foliar blotch lesions matching Taphrina maculans pathology,COMPLETED
Leaf Blotch00171.JPG,dataset_02/original/Turmeric Plant Disease/Leaf Blotch,Blotch,CANDIDATE,Confirmed turmeric foliage; prominent necrotic foliar blotch lesions matching Taphrina maculans pathology,COMPLETED
Leaf Blotch00172.JPG,dataset_02/original/Turmeric Plant Disease/Leaf Blotch,Blotch,CANDIDATE,Confirmed turmeric foliage; prominent necrotic foliar blotch lesions matching Taphrina maculans pathology,COMPLETED
Leaf Blotch00173.JPG,dataset_02/original/Turmeric Plant Disease/Leaf Blotch,Blotch,CANDIDATE,Confirmed turmeric foliage; prominent necrotic foliar blotch lesions matching Taphrina maculans pathology,COMPLETED
Leaf Blotch00174.JPG,dataset_02/original/Turmeric Plant Disease/Leaf Blotch,Blotch,CANDIDATE,Confirmed turmeric foliage; prominent necrotic foliar blotch lesions matching Taphrina maculans pathology,COMPLETED
Leaf Blotch00175.JPG,dataset_02/original/Turmeric Plant Disease/Leaf Blotch,Blotch,CANDIDATE,Confirmed turmeric foliage; prominent necrotic foliar blotch lesions matching Taphrina maculans pathology,COMPLETED
Leaf Blotch00176.JPG,dataset_02/original/Turmeric Plant Disease/Leaf Blotch,Blotch,CANDIDATE,Confirmed turmeric foliage; prominent necrotic foliar blotch lesions matching Taphrina maculans pathology,COMPLETED
Leaf Blotch00177.JPG,dataset_02/original/Turmeric Plant Disease/Leaf Blotch,Blotch,CANDIDATE,Confirmed turmeric foliage; prominent necrotic foliar blotch lesions matching Taphrina maculans pathology,COMPLETED
Leaf Blotch00178.JPG,dataset_02/original/Turmeric Plant Disease/Leaf Blotch,Blotch,CANDIDATE,Confirmed turmeric foliage; prominent necrotic foliar blotch lesions matching Taphrina maculans pathology,COMPLETED
Leaf Blotch00179.JPG,dataset_02/original/Turmeric Plant Disease/Leaf Blotch,Blotch,CANDIDATE,Confirmed turmeric foliage; prominent necrotic foliar blotch lesions matching Taphrina maculans pathology,COMPLETED
Leaf Blotch00180.JPG,dataset_02/original/Turmeric Plant Disease/Leaf Blotch,Blotch,CANDIDATE,Confirmed turmeric foliage; prominent necrotic foliar blotch lesions matching Taphrina maculans pathology,COMPLETED
Leaf Blotch00181.JPG,dataset_02/original/Turmeric Plant Disease/Leaf Blotch,Blotch,CANDIDATE,Confirmed turmeric foliage; prominent necrotic foliar blotch lesions matching Taphrina maculans pathology,COMPLETED
Leaf Blotch00182.JPG,dataset_02/original/Turmeric Plant Disease/Leaf Blotch,Blotch,CANDIDATE,Confirmed turmeric foliage; prominent necrotic foliar blotch lesions matching Taphrina maculans pathology,COMPLETED
Leaf Blotch00183.JPG,dataset_02/original/Turmeric Plant Disease/Leaf Blotch,Blotch,CANDIDATE,Confirmed turmeric foliage; prominent necrotic foliar blotch lesions matching Taphrina maculans pathology,COMPLETED
Leaf Blotch00184.JPG,dataset_02/original/Turmeric Plant Disease/Leaf Blotch,Blotch,CANDIDATE,Confirmed turmeric foliage; prominent necrotic foliar blotch lesions matching Taphrina maculans pathology,COMPLETED
Leaf Blotch00185.JPG,dataset_02/original/Turmeric Plant Disease/Leaf Blotch,Blotch,CANDIDATE,Confirmed turmeric foliage; prominent necrotic foliar blotch lesions matching Taphrina maculans pathology,COMPLETED
Leaf Blotch00186.JPG,dataset_02/original/Turmeric Plant Disease/Leaf Blotch,Blotch,CANDIDATE,Confirmed turmeric foliage; prominent necrotic foliar blotch lesions matching Taphrina maculans pathology,COMPLETED
Leaf Blotch00187.JPG,dataset_02/original/Turmeric Plant Disease/Leaf Blotch,Blotch,CANDIDATE,Confirmed turmeric foliage; prominent necrotic foliar blotch lesions matching Taphrina maculans pathology,COMPLETED
Leaf Blotch00188.JPG,dataset_02/original/Turmeric Plant Disease/Leaf Blotch,Blotch,CANDIDATE,Confirmed turmeric foliage; prominent necrotic foliar blotch lesions matching Taphrina maculans pathology,COMPLETED
Leaf Blotch00189.JPG,dataset_02/original/Turmeric Plant Disease/Leaf Blotch,Blotch,CANDIDATE,Confirmed turmeric foliage; prominent necrotic foliar blotch lesions matching Taphrina maculans pathology,COMPLETED
Leaf Blotch00190.JPG,dataset_02/original/Turmeric Plant Disease/Leaf Blotch,Blotch,CANDIDATE,Confirmed turmeric foliage; prominent necrotic foliar blotch lesions matching Taphrina maculans pathology,COMPLETED
Leaf Blotch00191.JPG,dataset_02/original/Turmeric Plant Disease/Leaf Blotch,Blotch,CANDIDATE,Confirmed turmeric foliage; prominent necrotic foliar blotch lesions matching Taphrina maculans pathology,COMPLETED
Leaf Blotch00192.JPG,dataset_02/original/Turmeric Plant Disease/Leaf Blotch,Blotch,CANDIDATE,Confirmed turmeric foliage; prominent necrotic foliar blotch lesions matching Taphrina maculans pathology,COMPLETED
Leaf Blotch00193.JPG,dataset_02/original/Turmeric Plant Disease/Leaf Blotch,Blotch,CANDIDATE,Confirmed turmeric foliage; prominent necrotic foliar blotch lesions matching Taphrina maculans pathology,COMPLETED
Leaf Blotch00194.JPG,dataset_02/original/Turmeric Plant Disease/Leaf Blotch,Blotch,CANDIDATE,Confirmed turmeric foliage; prominent necrotic foliar blotch lesions matching Taphrina maculans pathology,COMPLETED
Leaf Blotch00195.JPG,dataset_02/original/Turmeric Plant Disease/Leaf Blotch,Blotch,CANDIDATE,Confirmed turmeric foliage; prominent necrotic foliar blotch lesions matching Taphrina maculans pathology,COMPLETED
Leaf Blotch00196.JPG,dataset_02/original/Turmeric Plant Disease/Leaf Blotch,Blotch,CANDIDATE,Confirmed turmeric foliage; prominent necrotic foliar blotch lesions matching Taphrina maculans pathology,COMPLETED
Leaf Blotch00197.JPG,dataset_02/original/Turmeric Plant Disease/Leaf Blotch,Blotch,CANDIDATE,Confirmed turmeric foliage; prominent necrotic foliar blotch lesions matching Taphrina maculans pathology,COMPLETED
Leaf Blotch00198.JPG,dataset_02/original/Turmeric Plant Disease/Leaf Blotch,Blotch,CANDIDATE,Confirmed turmeric foliage; prominent necrotic foliar blotch lesions matching Taphrina maculans pathology,COMPLETED
Leaf Blotch00199.JPG,dataset_02/original/Turmeric Plant Disease/Leaf Blotch,Blotch,CANDIDATE,Confirmed turmeric foliage; prominent necrotic foliar blotch lesions matching Taphrina maculans pathology,COMPLETED
Healthy Leaf00001.JPG,dataset_02/original/Turmeric Plant Disease/Healthy Leaf,Healthy,CANDIDATE,Confirmed asymptomatic turmeric leaf; uniform green chlorophyll pigmentation and intact lamina,COMPLETED
Healthy Leaf00002.JPG,dataset_02/original/Turmeric Plant Disease/Healthy Leaf,Healthy,CANDIDATE,Confirmed asymptomatic turmeric leaf; uniform green chlorophyll pigmentation and intact lamina,COMPLETED
Healthy Leaf00003.JPG,dataset_02/original/Turmeric Plant Disease/Healthy Leaf,Healthy,CANDIDATE,Confirmed asymptomatic turmeric leaf; uniform green chlorophyll pigmentation and intact lamina,COMPLETED
Healthy Leaf00004.JPG,dataset_02/original/Turmeric Plant Disease/Healthy Leaf,Healthy,CANDIDATE,Confirmed asymptomatic turmeric leaf; uniform green chlorophyll pigmentation and intact lamina,COMPLETED
Healthy Leaf00005.JPG,dataset_02/original/Turmeric Plant Disease/Healthy Leaf,Healthy,CANDIDATE,Confirmed asymptomatic turmeric leaf; uniform green chlorophyll pigmentation and intact lamina,COMPLETED
Healthy Leaf00006.JPG,dataset_02/original/Turmeric Plant Disease/Healthy Leaf,Healthy,CANDIDATE,Confirmed asymptomatic turmeric leaf; uniform green chlorophyll pigmentation and intact lamina,COMPLETED
Healthy Leaf00007.JPG,dataset_02/original/Turmeric Plant Disease/Healthy Leaf,Healthy,CANDIDATE,Confirmed asymptomatic turmeric leaf; uniform green chlorophyll pigmentation and intact lamina,COMPLETED
Healthy Leaf00008.JPG,dataset_02/original/Turmeric Plant Disease/Healthy Leaf,Healthy,CANDIDATE,Confirmed asymptomatic turmeric leaf; uniform green chlorophyll pigmentation and intact lamina,COMPLETED
Healthy Leaf00009.JPG,dataset_02/original/Turmeric Plant Disease/Healthy Leaf,Healthy,CANDIDATE,Confirmed asymptomatic turmeric leaf; uniform green chlorophyll pigmentation and intact lamina,COMPLETED
Healthy Leaf00010.JPG,dataset_02/original/Turmeric Plant Disease/Healthy Leaf,Healthy,CANDIDATE,Confirmed asymptomatic turmeric leaf; uniform green chlorophyll pigmentation and intact lamina,COMPLETED
Healthy Leaf00011.JPG,dataset_02/original/Turmeric Plant Disease/Healthy Leaf,Healthy,CANDIDATE,Confirmed asymptomatic turmeric leaf; uniform green chlorophyll pigmentation and intact lamina,COMPLETED
Healthy Leaf00012.JPG,dataset_02/original/Turmeric Plant Disease/Healthy Leaf,Healthy,CANDIDATE,Confirmed asymptomatic turmeric leaf; uniform green chlorophyll pigmentation and intact lamina,COMPLETED
Healthy Leaf00013.JPG,dataset_02/original/Turmeric Plant Disease/Healthy Leaf,Healthy,CANDIDATE,Confirmed asymptomatic turmeric leaf; uniform green chlorophyll pigmentation and intact lamina,COMPLETED
Healthy Leaf00014.JPG,dataset_02/original/Turmeric Plant Disease/Healthy Leaf,Healthy,CANDIDATE,Confirmed asymptomatic turmeric leaf; uniform green chlorophyll pigmentation and intact lamina,COMPLETED
Healthy Leaf00015.JPG,dataset_02/original/Turmeric Plant Disease/Healthy Leaf,Healthy,CANDIDATE,Confirmed asymptomatic turmeric leaf; uniform green chlorophyll pigmentation and intact lamina,COMPLETED
Healthy Leaf00016.JPG,dataset_02/original/Turmeric Plant Disease/Healthy Leaf,Healthy,CANDIDATE,Confirmed asymptomatic turmeric leaf; uniform green chlorophyll pigmentation and intact lamina,COMPLETED
Healthy Leaf00017.JPG,dataset_02/original/Turmeric Plant Disease/Healthy Leaf,Healthy,CANDIDATE,Confirmed asymptomatic turmeric leaf; uniform green chlorophyll pigmentation and intact lamina,COMPLETED
Healthy Leaf00018.JPG,dataset_02/original/Turmeric Plant Disease/Healthy Leaf,Healthy,CANDIDATE,Confirmed asymptomatic turmeric leaf; uniform green chlorophyll pigmentation and intact lamina,COMPLETED
Healthy Leaf00019.JPG,dataset_02/original/Turmeric Plant Disease/Healthy Leaf,Healthy,AMBIGUOUS,Minor mechanical dust/tearing on lower leaf surface requiring expert secondary validation,COMPLETED
Healthy Leaf00020.JPG,dataset_02/original/Turmeric Plant Disease/Healthy Leaf,Healthy,CANDIDATE,Confirmed asymptomatic turmeric leaf; uniform green chlorophyll pigmentation and intact lamina,COMPLETED
Healthy Leaf00021.JPG,dataset_02/original/Turmeric Plant Disease/Healthy Leaf,Healthy,AMBIGUOUS,High background field soil interference with multiple leaves in medium-shot frame,COMPLETED
Healthy Leaf00022.JPG,dataset_02/original/Turmeric Plant Disease/Healthy Leaf,Healthy,AMBIGUOUS,High background field soil interference with multiple leaves in medium-shot frame,COMPLETED
Healthy Leaf00023.JPG,dataset_02/original/Turmeric Plant Disease/Healthy Leaf,Healthy,AMBIGUOUS,High background field soil interference with multiple leaves in medium-shot frame,COMPLETED
Healthy Leaf00024.JPG,dataset_02/original/Turmeric Plant Disease/Healthy Leaf,Healthy,CANDIDATE,Confirmed asymptomatic turmeric leaf; uniform green chlorophyll pigmentation and intact lamina,COMPLETED
Healthy Leaf00025.JPG,dataset_02/original/Turmeric Plant Disease/Healthy Leaf,Healthy,CANDIDATE,Confirmed asymptomatic turmeric leaf; uniform green chlorophyll pigmentation and intact lamina,COMPLETED
Healthy Leaf00026.JPG,dataset_02/original/Turmeric Plant Disease/Healthy Leaf,Healthy,CANDIDATE,Confirmed asymptomatic turmeric leaf; uniform green chlorophyll pigmentation and intact lamina,COMPLETED
Healthy Leaf00027.JPG,dataset_02/original/Turmeric Plant Disease/Healthy Leaf,Healthy,CANDIDATE,Confirmed asymptomatic turmeric leaf; uniform green chlorophyll pigmentation and intact lamina,COMPLETED
Healthy Leaf00028.JPG,dataset_02/original/Turmeric Plant Disease/Healthy Leaf,Healthy,CANDIDATE,Confirmed asymptomatic turmeric leaf; uniform green chlorophyll pigmentation and intact lamina,COMPLETED
Healthy Leaf00029.JPG,dataset_02/original/Turmeric Plant Disease/Healthy Leaf,Healthy,AMBIGUOUS,High background field soil interference with multiple leaves in medium-shot frame,COMPLETED
Healthy Leaf00030.JPG,dataset_02/original/Turmeric Plant Disease/Healthy Leaf,Healthy,CANDIDATE,Confirmed asymptomatic turmeric leaf; uniform green chlorophyll pigmentation and intact lamina,COMPLETED
Healthy Leaf00031.JPG,dataset_02/original/Turmeric Plant Disease/Healthy Leaf,Healthy,CANDIDATE,Confirmed asymptomatic turmeric leaf; uniform green chlorophyll pigmentation and intact lamina,COMPLETED
Healthy Leaf00032.JPG,dataset_02/original/Turmeric Plant Disease/Healthy Leaf,Healthy,CANDIDATE,Confirmed asymptomatic turmeric leaf; uniform green chlorophyll pigmentation and intact lamina,COMPLETED
Healthy Leaf00033.JPG,dataset_02/original/Turmeric Plant Disease/Healthy Leaf,Healthy,CANDIDATE,Confirmed asymptomatic turmeric leaf; uniform green chlorophyll pigmentation and intact lamina,COMPLETED
Healthy Leaf00034.JPG,dataset_02/original/Turmeric Plant Disease/Healthy Leaf,Healthy,CANDIDATE,Confirmed asymptomatic turmeric leaf; uniform green chlorophyll pigmentation and intact lamina,COMPLETED
Healthy Leaf00035.JPG,dataset_02/original/Turmeric Plant Disease/Healthy Leaf,Healthy,CANDIDATE,Confirmed asymptomatic turmeric leaf; uniform green chlorophyll pigmentation and intact lamina,COMPLETED
Healthy Leaf00036.JPG,dataset_02/original/Turmeric Plant Disease/Healthy Leaf,Healthy,CANDIDATE,Confirmed asymptomatic turmeric leaf; uniform green chlorophyll pigmentation and intact lamina,COMPLETED
Healthy Leaf00037.JPG,dataset_02/original/Turmeric Plant Disease/Healthy Leaf,Healthy,CANDIDATE,Confirmed asymptomatic turmeric leaf; uniform green chlorophyll pigmentation and intact lamina,COMPLETED
Healthy Leaf00038.JPG,dataset_02/original/Turmeric Plant Disease/Healthy Leaf,Healthy,CANDIDATE,Confirmed asymptomatic turmeric leaf; uniform green chlorophyll pigmentation and intact lamina,COMPLETED
Healthy Leaf00039.JPG,dataset_02/original/Turmeric Plant Disease/Healthy Leaf,Healthy,CANDIDATE,Confirmed asymptomatic turmeric leaf; uniform green chlorophyll pigmentation and intact lamina,COMPLETED
Healthy Leaf00040.JPG,dataset_02/original/Turmeric Plant Disease/Healthy Leaf,Healthy,CANDIDATE,Confirmed asymptomatic turmeric leaf; uniform green chlorophyll pigmentation and intact lamina,COMPLETED
Healthy Leaf00041.JPG,dataset_02/original/Turmeric Plant Disease/Healthy Leaf,Healthy,CANDIDATE,Confirmed asymptomatic turmeric leaf; uniform green chlorophyll pigmentation and intact lamina,COMPLETED
Healthy Leaf00042.JPG,dataset_02/original/Turmeric Plant Disease/Healthy Leaf,Healthy,CANDIDATE,Confirmed asymptomatic turmeric leaf; uniform green chlorophyll pigmentation and intact lamina,COMPLETED
Healthy Leaf00043.JPG,dataset_02/original/Turmeric Plant Disease/Healthy Leaf,Healthy,CANDIDATE,Confirmed asymptomatic turmeric leaf; uniform green chlorophyll pigmentation and intact lamina,COMPLETED
Healthy Leaf00044.JPG,dataset_02/original/Turmeric Plant Disease/Healthy Leaf,Healthy,CANDIDATE,Confirmed asymptomatic turmeric leaf; uniform green chlorophyll pigmentation and intact lamina,COMPLETED
Healthy Leaf00045.JPG,dataset_02/original/Turmeric Plant Disease/Healthy Leaf,Healthy,CANDIDATE,Confirmed asymptomatic turmeric leaf; uniform green chlorophyll pigmentation and intact lamina,COMPLETED
Healthy Leaf00046.JPG,dataset_02/original/Turmeric Plant Disease/Healthy Leaf,Healthy,CANDIDATE,Confirmed asymptomatic turmeric leaf; uniform green chlorophyll pigmentation and intact lamina,COMPLETED
Healthy Leaf00047.JPG,dataset_02/original/Turmeric Plant Disease/Healthy Leaf,Healthy,CANDIDATE,Confirmed asymptomatic turmeric leaf; uniform green chlorophyll pigmentation and intact lamina,COMPLETED
Healthy Leaf00048.JPG,dataset_02/original/Turmeric Plant Disease/Healthy Leaf,Healthy,CANDIDATE,Confirmed asymptomatic turmeric leaf; uniform green chlorophyll pigmentation and intact lamina,COMPLETED
Healthy Leaf00049.JPG,dataset_02/original/Turmeric Plant Disease/Healthy Leaf,Healthy,CANDIDATE,Confirmed asymptomatic turmeric leaf; uniform green chlorophyll pigmentation and intact lamina,COMPLETED
Healthy Leaf00050.JPG,dataset_02/original/Turmeric Plant Disease/Healthy Leaf,Healthy,CANDIDATE,Confirmed asymptomatic turmeric leaf; uniform green chlorophyll pigmentation and intact lamina,COMPLETED
Healthy Leaf00051.JPG,dataset_02/original/Turmeric Plant Disease/Healthy Leaf,Healthy,CANDIDATE,Confirmed asymptomatic turmeric leaf; uniform green chlorophyll pigmentation and intact lamina,COMPLETED
Healthy Leaf00052.JPG,dataset_02/original/Turmeric Plant Disease/Healthy Leaf,Healthy,CANDIDATE,Confirmed asymptomatic turmeric leaf; uniform green chlorophyll pigmentation and intact lamina,COMPLETED
Healthy Leaf00053.JPG,dataset_02/original/Turmeric Plant Disease/Healthy Leaf,Healthy,CANDIDATE,Confirmed asymptomatic turmeric leaf; uniform green chlorophyll pigmentation and intact lamina,COMPLETED
Healthy Leaf00054.JPG,dataset_02/original/Turmeric Plant Disease/Healthy Leaf,Healthy,CANDIDATE,Confirmed asymptomatic turmeric leaf; uniform green chlorophyll pigmentation and intact lamina,COMPLETED
Healthy Leaf00055.JPG,dataset_02/original/Turmeric Plant Disease/Healthy Leaf,Healthy,CANDIDATE,Confirmed asymptomatic turmeric leaf; uniform green chlorophyll pigmentation and intact lamina,COMPLETED
Healthy Leaf00056.JPG,dataset_02/original/Turmeric Plant Disease/Healthy Leaf,Healthy,AMBIGUOUS,Minor mechanical dust/tearing on lower leaf surface requiring expert secondary validation,COMPLETED
Healthy Leaf00057.JPG,dataset_02/original/Turmeric Plant Disease/Healthy Leaf,Healthy,CANDIDATE,Confirmed asymptomatic turmeric leaf; uniform green chlorophyll pigmentation and intact lamina,COMPLETED
Healthy Leaf00058.JPG,dataset_02/original/Turmeric Plant Disease/Healthy Leaf,Healthy,AMBIGUOUS,High background field soil interference with multiple leaves in medium-shot frame,COMPLETED
Healthy Leaf00059.JPG,dataset_02/original/Turmeric Plant Disease/Healthy Leaf,Healthy,CANDIDATE,Confirmed asymptomatic turmeric leaf; uniform green chlorophyll pigmentation and intact lamina,COMPLETED
Healthy Leaf00060.JPG,dataset_02/original/Turmeric Plant Disease/Healthy Leaf,Healthy,CANDIDATE,Confirmed asymptomatic turmeric leaf; uniform green chlorophyll pigmentation and intact lamina,COMPLETED
Healthy Leaf00061.JPG,dataset_02/original/Turmeric Plant Disease/Healthy Leaf,Healthy,CANDIDATE,Confirmed asymptomatic turmeric leaf; uniform green chlorophyll pigmentation and intact lamina,COMPLETED
Healthy Leaf00062.JPG,dataset_02/original/Turmeric Plant Disease/Healthy Leaf,Healthy,CANDIDATE,Confirmed asymptomatic turmeric leaf; uniform green chlorophyll pigmentation and intact lamina,COMPLETED
Healthy Leaf00063.JPG,dataset_02/original/Turmeric Plant Disease/Healthy Leaf,Healthy,CANDIDATE,Confirmed asymptomatic turmeric leaf; uniform green chlorophyll pigmentation and intact lamina,COMPLETED
Healthy Leaf00064.JPG,dataset_02/original/Turmeric Plant Disease/Healthy Leaf,Healthy,CANDIDATE,Confirmed asymptomatic turmeric leaf; uniform green chlorophyll pigmentation and intact lamina,COMPLETED
Healthy Leaf00065.JPG,dataset_02/original/Turmeric Plant Disease/Healthy Leaf,Healthy,CANDIDATE,Confirmed asymptomatic turmeric leaf; uniform green chlorophyll pigmentation and intact lamina,COMPLETED
Healthy Leaf00066.JPG,dataset_02/original/Turmeric Plant Disease/Healthy Leaf,Healthy,CANDIDATE,Confirmed asymptomatic turmeric leaf; uniform green chlorophyll pigmentation and intact lamina,COMPLETED
Healthy Leaf00067.JPG,dataset_02/original/Turmeric Plant Disease/Healthy Leaf,Healthy,CANDIDATE,Confirmed asymptomatic turmeric leaf; uniform green chlorophyll pigmentation and intact lamina,COMPLETED
Healthy Leaf00068.JPG,dataset_02/original/Turmeric Plant Disease/Healthy Leaf,Healthy,CANDIDATE,Confirmed asymptomatic turmeric leaf; uniform green chlorophyll pigmentation and intact lamina,COMPLETED
Healthy Leaf00069.JPG,dataset_02/original/Turmeric Plant Disease/Healthy Leaf,Healthy,CANDIDATE,Confirmed asymptomatic turmeric leaf; uniform green chlorophyll pigmentation and intact lamina,COMPLETED
Healthy Leaf00070.JPG,dataset_02/original/Turmeric Plant Disease/Healthy Leaf,Healthy,CANDIDATE,Confirmed asymptomatic turmeric leaf; uniform green chlorophyll pigmentation and intact lamina,COMPLETED
Healthy Leaf00071.JPG,dataset_02/original/Turmeric Plant Disease/Healthy Leaf,Healthy,CANDIDATE,Confirmed asymptomatic turmeric leaf; uniform green chlorophyll pigmentation and intact lamina,COMPLETED
Healthy Leaf00072.JPG,dataset_02/original/Turmeric Plant Disease/Healthy Leaf,Healthy,CANDIDATE,Confirmed asymptomatic turmeric leaf; uniform green chlorophyll pigmentation and intact lamina,COMPLETED
Healthy Leaf00073.JPG,dataset_02/original/Turmeric Plant Disease/Healthy Leaf,Healthy,CANDIDATE,Confirmed asymptomatic turmeric leaf; uniform green chlorophyll pigmentation and intact lamina,COMPLETED
Healthy Leaf00074.JPG,dataset_02/original/Turmeric Plant Disease/Healthy Leaf,Healthy,CANDIDATE,Confirmed asymptomatic turmeric leaf; uniform green chlorophyll pigmentation and intact lamina,COMPLETED
Healthy Leaf00075.JPG,dataset_02/original/Turmeric Plant Disease/Healthy Leaf,Healthy,CANDIDATE,Confirmed asymptomatic turmeric leaf; uniform green chlorophyll pigmentation and intact lamina,COMPLETED
Healthy Leaf00076.JPG,dataset_02/original/Turmeric Plant Disease/Healthy Leaf,Healthy,CANDIDATE,Confirmed asymptomatic turmeric leaf; uniform green chlorophyll pigmentation and intact lamina,COMPLETED
Healthy Leaf00077.JPG,dataset_02/original/Turmeric Plant Disease/Healthy Leaf,Healthy,CANDIDATE,Confirmed asymptomatic turmeric leaf; uniform green chlorophyll pigmentation and intact lamina,COMPLETED
Healthy Leaf00078.JPG,dataset_02/original/Turmeric Plant Disease/Healthy Leaf,Healthy,AMBIGUOUS,High background field soil interference with multiple leaves in medium-shot frame,COMPLETED
Healthy Leaf00079.JPG,dataset_02/original/Turmeric Plant Disease/Healthy Leaf,Healthy,AMBIGUOUS,High background field soil interference with multiple leaves in medium-shot frame,COMPLETED
Healthy Leaf00080.JPG,dataset_02/original/Turmeric Plant Disease/Healthy Leaf,Healthy,AMBIGUOUS,High background field soil interference with multiple leaves in medium-shot frame,COMPLETED
Healthy Leaf00081.JPG,dataset_02/original/Turmeric Plant Disease/Healthy Leaf,Healthy,CANDIDATE,Confirmed asymptomatic turmeric leaf; uniform green chlorophyll pigmentation and intact lamina,COMPLETED
Healthy Leaf00082.JPG,dataset_02/original/Turmeric Plant Disease/Healthy Leaf,Healthy,AMBIGUOUS,High background field soil interference with multiple leaves in medium-shot frame,COMPLETED
Healthy Leaf00083.JPG,dataset_02/original/Turmeric Plant Disease/Healthy Leaf,Healthy,CANDIDATE,Confirmed asymptomatic turmeric leaf; uniform green chlorophyll pigmentation and intact lamina,COMPLETED
Healthy Leaf00084.JPG,dataset_02/original/Turmeric Plant Disease/Healthy Leaf,Healthy,CANDIDATE,Confirmed asymptomatic turmeric leaf; uniform green chlorophyll pigmentation and intact lamina,COMPLETED
Healthy Leaf00085.JPG,dataset_02/original/Turmeric Plant Disease/Healthy Leaf,Healthy,CANDIDATE,Confirmed asymptomatic turmeric leaf; uniform green chlorophyll pigmentation and intact lamina,COMPLETED
Healthy Leaf00086.JPG,dataset_02/original/Turmeric Plant Disease/Healthy Leaf,Healthy,CANDIDATE,Confirmed asymptomatic turmeric leaf; uniform green chlorophyll pigmentation and intact lamina,COMPLETED
Healthy Leaf00087.JPG,dataset_02/original/Turmeric Plant Disease/Healthy Leaf,Healthy,CANDIDATE,Confirmed asymptomatic turmeric leaf; uniform green chlorophyll pigmentation and intact lamina,COMPLETED
Healthy Leaf00088.JPG,dataset_02/original/Turmeric Plant Disease/Healthy Leaf,Healthy,CANDIDATE,Confirmed asymptomatic turmeric leaf; uniform green chlorophyll pigmentation and intact lamina,COMPLETED
Healthy Leaf00089.JPG,dataset_02/original/Turmeric Plant Disease/Healthy Leaf,Healthy,AMBIGUOUS,High background field soil interference with multiple leaves in medium-shot frame,COMPLETED
Healthy Leaf00090.JPG,dataset_02/original/Turmeric Plant Disease/Healthy Leaf,Healthy,AMBIGUOUS,High background field soil interference with multiple leaves in medium-shot frame,COMPLETED
Healthy Leaf00091.JPG,dataset_02/original/Turmeric Plant Disease/Healthy Leaf,Healthy,AMBIGUOUS,High background field soil interference with multiple leaves in medium-shot frame,COMPLETED
Healthy Leaf00092.JPG,dataset_02/original/Turmeric Plant Disease/Healthy Leaf,Healthy,CANDIDATE,Confirmed asymptomatic turmeric leaf; uniform green chlorophyll pigmentation and intact lamina,COMPLETED
Healthy Leaf00093.JPG,dataset_02/original/Turmeric Plant Disease/Healthy Leaf,Healthy,CANDIDATE,Confirmed asymptomatic turmeric leaf; uniform green chlorophyll pigmentation and intact lamina,COMPLETED
Healthy Leaf00094.JPG,dataset_02/original/Turmeric Plant Disease/Healthy Leaf,Healthy,CANDIDATE,Confirmed asymptomatic turmeric leaf; uniform green chlorophyll pigmentation and intact lamina,COMPLETED
Healthy Leaf00095.JPG,dataset_02/original/Turmeric Plant Disease/Healthy Leaf,Healthy,CANDIDATE,Confirmed asymptomatic turmeric leaf; uniform green chlorophyll pigmentation and intact lamina,COMPLETED
Healthy Leaf00096.JPG,dataset_02/original/Turmeric Plant Disease/Healthy Leaf,Healthy,CANDIDATE,Confirmed asymptomatic turmeric leaf; uniform green chlorophyll pigmentation and intact lamina,COMPLETED
Healthy Leaf00097.JPG,dataset_02/original/Turmeric Plant Disease/Healthy Leaf,Healthy,CANDIDATE,Confirmed asymptomatic turmeric leaf; uniform green chlorophyll pigmentation and intact lamina,COMPLETED
Healthy Leaf00098.JPG,dataset_02/original/Turmeric Plant Disease/Healthy Leaf,Healthy,CANDIDATE,Confirmed asymptomatic turmeric leaf; uniform green chlorophyll pigmentation and intact lamina,COMPLETED
Healthy Leaf00099.JPG,dataset_02/original/Turmeric Plant Disease/Healthy Leaf,Healthy,CANDIDATE,Confirmed asymptomatic turmeric leaf; uniform green chlorophyll pigmentation and intact lamina,COMPLETED
Healthy Leaf00100.JPG,dataset_02/original/Turmeric Plant Disease/Healthy Leaf,Healthy,CANDIDATE,Confirmed asymptomatic turmeric leaf; uniform green chlorophyll pigmentation and intact lamina,COMPLETED
Healthy Leaf00101.JPG,dataset_02/original/Turmeric Plant Disease/Healthy Leaf,Healthy,CANDIDATE,Confirmed asymptomatic turmeric leaf; uniform green chlorophyll pigmentation and intact lamina,COMPLETED
Healthy Leaf00102.JPG,dataset_02/original/Turmeric Plant Disease/Healthy Leaf,Healthy,AMBIGUOUS,High background field soil interference with multiple leaves in medium-shot frame,COMPLETED
Healthy Leaf00103.JPG,dataset_02/original/Turmeric Plant Disease/Healthy Leaf,Healthy,AMBIGUOUS,Minor mechanical dust/tearing on lower leaf surface requiring expert secondary validation,COMPLETED
Healthy Leaf00104.JPG,dataset_02/original/Turmeric Plant Disease/Healthy Leaf,Healthy,CANDIDATE,Confirmed asymptomatic turmeric leaf; uniform green chlorophyll pigmentation and intact lamina,COMPLETED
Healthy Leaf00105.JPG,dataset_02/original/Turmeric Plant Disease/Healthy Leaf,Healthy,AMBIGUOUS,High background field soil interference with multiple leaves in medium-shot frame,COMPLETED
Healthy Leaf00106.JPG,dataset_02/original/Turmeric Plant Disease/Healthy Leaf,Healthy,AMBIGUOUS,High background field soil interference with multiple leaves in medium-shot frame,COMPLETED
Healthy Leaf00107.JPG,dataset_02/original/Turmeric Plant Disease/Healthy Leaf,Healthy,CANDIDATE,Confirmed asymptomatic turmeric leaf; uniform green chlorophyll pigmentation and intact lamina,COMPLETED
Healthy Leaf00108.JPG,dataset_02/original/Turmeric Plant Disease/Healthy Leaf,Healthy,CANDIDATE,Confirmed asymptomatic turmeric leaf; uniform green chlorophyll pigmentation and intact lamina,COMPLETED
Healthy Leaf00109.JPG,dataset_02/original/Turmeric Plant Disease/Healthy Leaf,Healthy,CANDIDATE,Confirmed asymptomatic turmeric leaf; uniform green chlorophyll pigmentation and intact lamina,COMPLETED
Healthy Leaf00110.JPG,dataset_02/original/Turmeric Plant Disease/Healthy Leaf,Healthy,CANDIDATE,Confirmed asymptomatic turmeric leaf; uniform green chlorophyll pigmentation and intact lamina,COMPLETED
Healthy Leaf00111.JPG,dataset_02/original/Turmeric Plant Disease/Healthy Leaf,Healthy,CANDIDATE,Confirmed asymptomatic turmeric leaf; uniform green chlorophyll pigmentation and intact lamina,COMPLETED
Healthy Leaf00112.JPG,dataset_02/original/Turmeric Plant Disease/Healthy Leaf,Healthy,CANDIDATE,Confirmed asymptomatic turmeric leaf; uniform green chlorophyll pigmentation and intact lamina,COMPLETED
Healthy Leaf00113.JPG,dataset_02/original/Turmeric Plant Disease/Healthy Leaf,Healthy,CANDIDATE,Confirmed asymptomatic turmeric leaf; uniform green chlorophyll pigmentation and intact lamina,COMPLETED
Healthy Leaf00114.JPG,dataset_02/original/Turmeric Plant Disease/Healthy Leaf,Healthy,CANDIDATE,Confirmed asymptomatic turmeric leaf; uniform green chlorophyll pigmentation and intact lamina,COMPLETED
Healthy Leaf00115.JPG,dataset_02/original/Turmeric Plant Disease/Healthy Leaf,Healthy,CANDIDATE,Confirmed asymptomatic turmeric leaf; uniform green chlorophyll pigmentation and intact lamina,COMPLETED
Healthy Leaf00116.JPG,dataset_02/original/Turmeric Plant Disease/Healthy Leaf,Healthy,CANDIDATE,Confirmed asymptomatic turmeric leaf; uniform green chlorophyll pigmentation and intact lamina,COMPLETED
Healthy Leaf00117.JPG,dataset_02/original/Turmeric Plant Disease/Healthy Leaf,Healthy,CANDIDATE,Confirmed asymptomatic turmeric leaf; uniform green chlorophyll pigmentation and intact lamina,COMPLETED
Healthy Leaf00118.JPG,dataset_02/original/Turmeric Plant Disease/Healthy Leaf,Healthy,CANDIDATE,Confirmed asymptomatic turmeric leaf; uniform green chlorophyll pigmentation and intact lamina,COMPLETED
Healthy Leaf00119.JPG,dataset_02/original/Turmeric Plant Disease/Healthy Leaf,Healthy,CANDIDATE,Confirmed asymptomatic turmeric leaf; uniform green chlorophyll pigmentation and intact lamina,COMPLETED
Healthy Leaf00120.JPG,dataset_02/original/Turmeric Plant Disease/Healthy Leaf,Healthy,CANDIDATE,Confirmed asymptomatic turmeric leaf; uniform green chlorophyll pigmentation and intact lamina,COMPLETED
Healthy Leaf00121.JPG,dataset_02/original/Turmeric Plant Disease/Healthy Leaf,Healthy,CANDIDATE,Confirmed asymptomatic turmeric leaf; uniform green chlorophyll pigmentation and intact lamina,COMPLETED
Healthy Leaf00122.JPG,dataset_02/original/Turmeric Plant Disease/Healthy Leaf,Healthy,CANDIDATE,Confirmed asymptomatic turmeric leaf; uniform green chlorophyll pigmentation and intact lamina,COMPLETED
Healthy Leaf00123.JPG,dataset_02/original/Turmeric Plant Disease/Healthy Leaf,Healthy,AMBIGUOUS,High background field soil interference with multiple leaves in medium-shot frame,COMPLETED
Healthy Leaf00124.JPG,dataset_02/original/Turmeric Plant Disease/Healthy Leaf,Healthy,CANDIDATE,Confirmed asymptomatic turmeric leaf; uniform green chlorophyll pigmentation and intact lamina,COMPLETED
Healthy Leaf00125.JPG,dataset_02/original/Turmeric Plant Disease/Healthy Leaf,Healthy,CANDIDATE,Confirmed asymptomatic turmeric leaf; uniform green chlorophyll pigmentation and intact lamina,COMPLETED
Healthy Leaf00126.JPG,dataset_02/original/Turmeric Plant Disease/Healthy Leaf,Healthy,AMBIGUOUS,High background field soil interference with multiple leaves in medium-shot frame,COMPLETED
Healthy Leaf00127.JPG,dataset_02/original/Turmeric Plant Disease/Healthy Leaf,Healthy,CANDIDATE,Confirmed asymptomatic turmeric leaf; uniform green chlorophyll pigmentation and intact lamina,COMPLETED
Healthy Leaf00128.JPG,dataset_02/original/Turmeric Plant Disease/Healthy Leaf,Healthy,AMBIGUOUS,High background field soil interference with multiple leaves in medium-shot frame,COMPLETED
Healthy Leaf00129.JPG,dataset_02/original/Turmeric Plant Disease/Healthy Leaf,Healthy,AMBIGUOUS,High background field soil interference with multiple leaves in medium-shot frame,COMPLETED
Healthy Leaf00130.JPG,dataset_02/original/Turmeric Plant Disease/Healthy Leaf,Healthy,AMBIGUOUS,High background field soil interference with multiple leaves in medium-shot frame,COMPLETED
Healthy Leaf00131.JPG,dataset_02/original/Turmeric Plant Disease/Healthy Leaf,Healthy,CANDIDATE,Confirmed asymptomatic turmeric leaf; uniform green chlorophyll pigmentation and intact lamina,COMPLETED
Healthy Leaf00132.JPG,dataset_02/original/Turmeric Plant Disease/Healthy Leaf,Healthy,CANDIDATE,Confirmed asymptomatic turmeric leaf; uniform green chlorophyll pigmentation and intact lamina,COMPLETED
Healthy Leaf00133.JPG,dataset_02/original/Turmeric Plant Disease/Healthy Leaf,Healthy,CANDIDATE,Confirmed asymptomatic turmeric leaf; uniform green chlorophyll pigmentation and intact lamina,COMPLETED
Healthy Leaf00134.JPG,dataset_02/original/Turmeric Plant Disease/Healthy Leaf,Healthy,CANDIDATE,Confirmed asymptomatic turmeric leaf; uniform green chlorophyll pigmentation and intact lamina,COMPLETED
Healthy Leaf00135.JPG,dataset_02/original/Turmeric Plant Disease/Healthy Leaf,Healthy,CANDIDATE,Confirmed asymptomatic turmeric leaf; uniform green chlorophyll pigmentation and intact lamina,COMPLETED
Healthy Leaf00136.JPG,dataset_02/original/Turmeric Plant Disease/Healthy Leaf,Healthy,CANDIDATE,Confirmed asymptomatic turmeric leaf; uniform green chlorophyll pigmentation and intact lamina,COMPLETED
Healthy Leaf00137.JPG,dataset_02/original/Turmeric Plant Disease/Healthy Leaf,Healthy,CANDIDATE,Confirmed asymptomatic turmeric leaf; uniform green chlorophyll pigmentation and intact lamina,COMPLETED
Healthy Leaf00138.JPG,dataset_02/original/Turmeric Plant Disease/Healthy Leaf,Healthy,CANDIDATE,Confirmed asymptomatic turmeric leaf; uniform green chlorophyll pigmentation and intact lamina,COMPLETED
Healthy Leaf00139.JPG,dataset_02/original/Turmeric Plant Disease/Healthy Leaf,Healthy,CANDIDATE,Confirmed asymptomatic turmeric leaf; uniform green chlorophyll pigmentation and intact lamina,COMPLETED
Healthy Leaf00140.JPG,dataset_02/original/Turmeric Plant Disease/Healthy Leaf,Healthy,CANDIDATE,Confirmed asymptomatic turmeric leaf; uniform green chlorophyll pigmentation and intact lamina,COMPLETED
Healthy Leaf00141.JPG,dataset_02/original/Turmeric Plant Disease/Healthy Leaf,Healthy,CANDIDATE,Confirmed asymptomatic turmeric leaf; uniform green chlorophyll pigmentation and intact lamina,COMPLETED
Healthy Leaf00142.JPG,dataset_02/original/Turmeric Plant Disease/Healthy Leaf,Healthy,CANDIDATE,Confirmed asymptomatic turmeric leaf; uniform green chlorophyll pigmentation and intact lamina,COMPLETED
Healthy Leaf00143.JPG,dataset_02/original/Turmeric Plant Disease/Healthy Leaf,Healthy,AMBIGUOUS,High background field soil interference with multiple leaves in medium-shot frame,COMPLETED
Healthy Leaf00144.JPG,dataset_02/original/Turmeric Plant Disease/Healthy Leaf,Healthy,CANDIDATE,Confirmed asymptomatic turmeric leaf; uniform green chlorophyll pigmentation and intact lamina,COMPLETED
Healthy Leaf00145.JPG,dataset_02/original/Turmeric Plant Disease/Healthy Leaf,Healthy,CANDIDATE,Confirmed asymptomatic turmeric leaf; uniform green chlorophyll pigmentation and intact lamina,COMPLETED
Healthy Leaf00146.JPG,dataset_02/original/Turmeric Plant Disease/Healthy Leaf,Healthy,CANDIDATE,Confirmed asymptomatic turmeric leaf; uniform green chlorophyll pigmentation and intact lamina,COMPLETED
Healthy Leaf00147.JPG,dataset_02/original/Turmeric Plant Disease/Healthy Leaf,Healthy,CANDIDATE,Confirmed asymptomatic turmeric leaf; uniform green chlorophyll pigmentation and intact lamina,COMPLETED
Healthy Leaf00148.JPG,dataset_02/original/Turmeric Plant Disease/Healthy Leaf,Healthy,CANDIDATE,Confirmed asymptomatic turmeric leaf; uniform green chlorophyll pigmentation and intact lamina,COMPLETED
Healthy Leaf00149.JPG,dataset_02/original/Turmeric Plant Disease/Healthy Leaf,Healthy,CANDIDATE,Confirmed asymptomatic turmeric leaf; uniform green chlorophyll pigmentation and intact lamina,COMPLETED
Healthy Leaf00150.JPG,dataset_02/original/Turmeric Plant Disease/Healthy Leaf,Healthy,AMBIGUOUS,Minor mechanical dust/tearing on lower leaf surface requiring expert secondary validation,COMPLETED
Healthy Leaf00151.JPG,dataset_02/original/Turmeric Plant Disease/Healthy Leaf,Healthy,CANDIDATE,Confirmed asymptomatic turmeric leaf; uniform green chlorophyll pigmentation and intact lamina,COMPLETED
Healthy Leaf00152.JPG,dataset_02/original/Turmeric Plant Disease/Healthy Leaf,Healthy,CANDIDATE,Confirmed asymptomatic turmeric leaf; uniform green chlorophyll pigmentation and intact lamina,COMPLETED
Healthy Leaf00153.JPG,dataset_02/original/Turmeric Plant Disease/Healthy Leaf,Healthy,CANDIDATE,Confirmed asymptomatic turmeric leaf; uniform green chlorophyll pigmentation and intact lamina,COMPLETED
Healthy Leaf00154.JPG,dataset_02/original/Turmeric Plant Disease/Healthy Leaf,Healthy,CANDIDATE,Confirmed asymptomatic turmeric leaf; uniform green chlorophyll pigmentation and intact lamina,COMPLETED
Healthy Leaf00155.JPG,dataset_02/original/Turmeric Plant Disease/Healthy Leaf,Healthy,CANDIDATE,Confirmed asymptomatic turmeric leaf; uniform green chlorophyll pigmentation and intact lamina,COMPLETED
Healthy Leaf00156.JPG,dataset_02/original/Turmeric Plant Disease/Healthy Leaf,Healthy,AMBIGUOUS,High background field soil interference with multiple leaves in medium-shot frame,COMPLETED
Healthy Leaf00157.JPG,dataset_02/original/Turmeric Plant Disease/Healthy Leaf,Healthy,CANDIDATE,Confirmed asymptomatic turmeric leaf; uniform green chlorophyll pigmentation and intact lamina,COMPLETED
Healthy Leaf00158.JPG,dataset_02/original/Turmeric Plant Disease/Healthy Leaf,Healthy,CANDIDATE,Confirmed asymptomatic turmeric leaf; uniform green chlorophyll pigmentation and intact lamina,COMPLETED
Healthy Leaf00159.JPG,dataset_02/original/Turmeric Plant Disease/Healthy Leaf,Healthy,AMBIGUOUS,High background field soil interference with multiple leaves in medium-shot frame,COMPLETED
Healthy Leaf00160.JPG,dataset_02/original/Turmeric Plant Disease/Healthy Leaf,Healthy,CANDIDATE,Confirmed asymptomatic turmeric leaf; uniform green chlorophyll pigmentation and intact lamina,COMPLETED
Healthy Leaf00161.JPG,dataset_02/original/Turmeric Plant Disease/Healthy Leaf,Healthy,CANDIDATE,Confirmed asymptomatic turmeric leaf; uniform green chlorophyll pigmentation and intact lamina,COMPLETED
Healthy Leaf00162.JPG,dataset_02/original/Turmeric Plant Disease/Healthy Leaf,Healthy,CANDIDATE,Confirmed asymptomatic turmeric leaf; uniform green chlorophyll pigmentation and intact lamina,COMPLETED
Healthy Leaf00163.JPG,dataset_02/original/Turmeric Plant Disease/Healthy Leaf,Healthy,AMBIGUOUS,High background field soil interference with multiple leaves in medium-shot frame,COMPLETED
Healthy Leaf00164.JPG,dataset_02/original/Turmeric Plant Disease/Healthy Leaf,Healthy,CANDIDATE,Confirmed asymptomatic turmeric leaf; uniform green chlorophyll pigmentation and intact lamina,COMPLETED
Healthy Leaf00165.JPG,dataset_02/original/Turmeric Plant Disease/Healthy Leaf,Healthy,CANDIDATE,Confirmed asymptomatic turmeric leaf; uniform green chlorophyll pigmentation and intact lamina,COMPLETED
Healthy Leaf00166.JPG,dataset_02/original/Turmeric Plant Disease/Healthy Leaf,Healthy,CANDIDATE,Confirmed asymptomatic turmeric leaf; uniform green chlorophyll pigmentation and intact lamina,COMPLETED
Healthy Leaf00167.JPG,dataset_02/original/Turmeric Plant Disease/Healthy Leaf,Healthy,CANDIDATE,Confirmed asymptomatic turmeric leaf; uniform green chlorophyll pigmentation and intact lamina,COMPLETED
Healthy Leaf00168.JPG,dataset_02/original/Turmeric Plant Disease/Healthy Leaf,Healthy,CANDIDATE,Confirmed asymptomatic turmeric leaf; uniform green chlorophyll pigmentation and intact lamina,COMPLETED
Healthy Leaf00169.JPG,dataset_02/original/Turmeric Plant Disease/Healthy Leaf,Healthy,CANDIDATE,Confirmed asymptomatic turmeric leaf; uniform green chlorophyll pigmentation and intact lamina,COMPLETED
Healthy Leaf00170.JPG,dataset_02/original/Turmeric Plant Disease/Healthy Leaf,Healthy,CANDIDATE,Confirmed asymptomatic turmeric leaf; uniform green chlorophyll pigmentation and intact lamina,COMPLETED
Healthy Leaf00171.JPG,dataset_02/original/Turmeric Plant Disease/Healthy Leaf,Healthy,CANDIDATE,Confirmed asymptomatic turmeric leaf; uniform green chlorophyll pigmentation and intact lamina,COMPLETED
Healthy Leaf00172.JPG,dataset_02/original/Turmeric Plant Disease/Healthy Leaf,Healthy,CANDIDATE,Confirmed asymptomatic turmeric leaf; uniform green chlorophyll pigmentation and intact lamina,COMPLETED
Healthy Leaf00173.JPG,dataset_02/original/Turmeric Plant Disease/Healthy Leaf,Healthy,CANDIDATE,Confirmed asymptomatic turmeric leaf; uniform green chlorophyll pigmentation and intact lamina,COMPLETED
Healthy Leaf00174.JPG,dataset_02/original/Turmeric Plant Disease/Healthy Leaf,Healthy,AMBIGUOUS,High background field soil interference with multiple leaves in medium-shot frame,COMPLETED
Healthy Leaf00175.JPG,dataset_02/original/Turmeric Plant Disease/Healthy Leaf,Healthy,CANDIDATE,Confirmed asymptomatic turmeric leaf; uniform green chlorophyll pigmentation and intact lamina,COMPLETED
Healthy Leaf00176.JPG,dataset_02/original/Turmeric Plant Disease/Healthy Leaf,Healthy,AMBIGUOUS,High background field soil interference with multiple leaves in medium-shot frame,COMPLETED
Healthy Leaf00177.JPG,dataset_02/original/Turmeric Plant Disease/Healthy Leaf,Healthy,CANDIDATE,Confirmed asymptomatic turmeric leaf; uniform green chlorophyll pigmentation and intact lamina,COMPLETED
Healthy Leaf00178.JPG,dataset_02/original/Turmeric Plant Disease/Healthy Leaf,Healthy,CANDIDATE,Confirmed asymptomatic turmeric leaf; uniform green chlorophyll pigmentation and intact lamina,COMPLETED
Healthy Leaf00179.JPG,dataset_02/original/Turmeric Plant Disease/Healthy Leaf,Healthy,CANDIDATE,Confirmed asymptomatic turmeric leaf; uniform green chlorophyll pigmentation and intact lamina,COMPLETED
Healthy Leaf00180.JPG,dataset_02/original/Turmeric Plant Disease/Healthy Leaf,Healthy,AMBIGUOUS,High background field soil interference with multiple leaves in medium-shot frame,COMPLETED
Healthy Leaf00181.JPG,dataset_02/original/Turmeric Plant Disease/Healthy Leaf,Healthy,AMBIGUOUS,High background field soil interference with multiple leaves in medium-shot frame,COMPLETED
Healthy Leaf00182.JPG,dataset_02/original/Turmeric Plant Disease/Healthy Leaf,Healthy,CANDIDATE,Confirmed asymptomatic turmeric leaf; uniform green chlorophyll pigmentation and intact lamina,COMPLETED
Healthy Leaf00183.JPG,dataset_02/original/Turmeric Plant Disease/Healthy Leaf,Healthy,AMBIGUOUS,High background field soil interference with multiple leaves in medium-shot frame,COMPLETED
Healthy Leaf00184.JPG,dataset_02/original/Turmeric Plant Disease/Healthy Leaf,Healthy,CANDIDATE,Confirmed asymptomatic turmeric leaf; uniform green chlorophyll pigmentation and intact lamina,COMPLETED
Healthy Leaf00185.JPG,dataset_02/original/Turmeric Plant Disease/Healthy Leaf,Healthy,CANDIDATE,Confirmed asymptomatic turmeric leaf; uniform green chlorophyll pigmentation and intact lamina,COMPLETED
Healthy Leaf00186.JPG,dataset_02/original/Turmeric Plant Disease/Healthy Leaf,Healthy,CANDIDATE,Confirmed asymptomatic turmeric leaf; uniform green chlorophyll pigmentation and intact lamina,COMPLETED
Healthy Leaf00187.JPG,dataset_02/original/Turmeric Plant Disease/Healthy Leaf,Healthy,CANDIDATE,Confirmed asymptomatic turmeric leaf; uniform green chlorophyll pigmentation and intact lamina,COMPLETED
Healthy Leaf00188.JPG,dataset_02/original/Turmeric Plant Disease/Healthy Leaf,Healthy,CANDIDATE,Confirmed asymptomatic turmeric leaf; uniform green chlorophyll pigmentation and intact lamina,COMPLETED
Healthy Leaf00189.JPG,dataset_02/original/Turmeric Plant Disease/Healthy Leaf,Healthy,CANDIDATE,Confirmed asymptomatic turmeric leaf; uniform green chlorophyll pigmentation and intact lamina,COMPLETED
Healthy Leaf00190.JPG,dataset_02/original/Turmeric Plant Disease/Healthy Leaf,Healthy,CANDIDATE,Confirmed asymptomatic turmeric leaf; uniform green chlorophyll pigmentation and intact lamina,COMPLETED
Healthy Leaf00191.JPG,dataset_02/original/Turmeric Plant Disease/Healthy Leaf,Healthy,AMBIGUOUS,High background field soil interference with multiple leaves in medium-shot frame,COMPLETED
Healthy Leaf00192.JPG,dataset_02/original/Turmeric Plant Disease/Healthy Leaf,Healthy,CANDIDATE,Confirmed asymptomatic turmeric leaf; uniform green chlorophyll pigmentation and intact lamina,COMPLETED
Healthy Leaf00193.JPG,dataset_02/original/Turmeric Plant Disease/Healthy Leaf,Healthy,CANDIDATE,Confirmed asymptomatic turmeric leaf; uniform green chlorophyll pigmentation and intact lamina,COMPLETED
Healthy Leaf00194.JPG,dataset_02/original/Turmeric Plant Disease/Healthy Leaf,Healthy,CANDIDATE,Confirmed asymptomatic turmeric leaf; uniform green chlorophyll pigmentation and intact lamina,COMPLETED
Healthy Leaf00195.JPG,dataset_02/original/Turmeric Plant Disease/Healthy Leaf,Healthy,CANDIDATE,Confirmed asymptomatic turmeric leaf; uniform green chlorophyll pigmentation and intact lamina,COMPLETED
Healthy Leaf00196.JPG,dataset_02/original/Turmeric Plant Disease/Healthy Leaf,Healthy,CANDIDATE,Confirmed asymptomatic turmeric leaf; uniform green chlorophyll pigmentation and intact lamina,COMPLETED
Healthy Leaf00197.JPG,dataset_02/original/Turmeric Plant Disease/Healthy Leaf,Healthy,CANDIDATE,Confirmed asymptomatic turmeric leaf; uniform green chlorophyll pigmentation and intact lamina,COMPLETED
