candidate_id,filename,candidate_source,source_category,ground_truth_class,ground_truth_status,used_in_training,training_hash_overlap,previous_experiment,suitability_for_calibration,image_dimensions,file_size_kb,stage1_verifier_score,stage1_status,mahalanobis_distance,ood_threshold,current_ood_status,ungated_diagnosis,ungated_confidence_pct,sha256,md5
CAL-CAND-001,crop_Healthy Leaf00007.JPG,Dataset 02 (Mendeley Single-Leaf Field Crops),Dataset 02 Field Crop,Healthy,expert_verified_crop,False,NONE (0% OVERLAP),Single-Leaf Cropping Study (N=50),SUITABLE_FIELD_CROP,680x680,153.82,0.9998,PASS,88.37,63.1,OOD_REJECTED,Healthy,69.67,39296bfc1810ceed4e4b74ef08e370f7fa769f61307cd6796d992165547f98be,b9d8a876dc62128fa94abe6d103ff29e
CAL-CAND-002,crop_Healthy Leaf00008.JPG,Dataset 02 (Mendeley Single-Leaf Field Crops),Dataset 02 Field Crop,Healthy,expert_verified_crop,False,NONE (0% OVERLAP),Single-Leaf Cropping Study (N=50),SUITABLE_FIELD_CROP,680x680,175.93,0.9999,PASS,72.83,63.1,OOD_REJECTED,Healthy,74.67,94a3e2906b7126d99ec0caa85d947d551de00c79e8f75621d79b39a1be32b4b1,98393bab13245a3b5e995ea95d790ddc
CAL-CAND-003,crop_Healthy Leaf00009.JPG,Dataset 02 (Mendeley Single-Leaf Field Crops),Dataset 02 Field Crop,Healthy,expert_verified_crop,False,NONE (0% OVERLAP),Single-Leaf Cropping Study (N=50),SUITABLE_FIELD_CROP,680x680,161.7,1.0,PASS,75.67,63.1,OOD_REJECTED,Healthy,79.52,54c9ee1fc6e19bc620d4edaa5bcce163b79bda5d317b190d1512086f7eb0ee8c,ed9af36f61598464383d06db1724545f
CAL-CAND-004,crop_Healthy Leaf00023.JPG,Dataset 02 (Mendeley Single-Leaf Field Crops),Dataset 02 Field Crop,Healthy,expert_verified_crop,False,NONE (0% OVERLAP),Single-Leaf Cropping Study (N=50),SUITABLE_FIELD_CROP,680x680,219.12,0.9975,PASS,69.56,63.1,OOD_REJECTED,Healthy,74.65,223af474d7893bc3868e82f77e344f9a753e29a232b2e1d0bee977abb55d3ef5,abd0d5815c4119554d5d778bf0c12ea1
CAL-CAND-005,crop_Healthy Leaf00024.JPG,Dataset 02 (Mendeley Single-Leaf Field Crops),Dataset 02 Field Crop,Healthy,expert_verified_crop,False,NONE (0% OVERLAP),Single-Leaf Cropping Study (N=50),SUITABLE_FIELD_CROP,680x680,194.89,0.9999,PASS,72.88,63.1,OOD_REJECTED,Healthy,74.78,73a72bdf6fd27af0f9c508b6ec454e8d13604fed3703f9b8a54981dc3e89c3dd,23442e6901aa0a3022479ef39af98a59
CAL-CAND-006,crop_Healthy Leaf00027.JPG,Dataset 02 (Mendeley Single-Leaf Field Crops),Dataset 02 Field Crop,Healthy,expert_verified_crop,False,NONE (0% OVERLAP),Single-Leaf Cropping Study (N=50),SUITABLE_FIELD_CROP,680x680,183.15,1.0,PASS,83.99,63.1,OOD_REJECTED,Healthy,84.52,a7ce8a87ae22167d615a25626621f1b6722e25e995bdb3fa29fdae49959e55eb,c504006e7ce474df9260be2f284bbd26
CAL-CAND-007,crop_Healthy Leaf00029.JPG,Dataset 02 (Mendeley Single-Leaf Field Crops),Dataset 02 Field Crop,Healthy,expert_verified_crop,False,NONE (0% OVERLAP),Single-Leaf Cropping Study (N=50),SUITABLE_FIELD_CROP,680x680,175.59,0.9997,PASS,82.94,63.1,OOD_REJECTED,Healthy,71.02,53db08d4c90c79429977076e0df814bf0644b36547c0cbb58f1173871f7f3ca9,538e79345fa1c89e5232d9de93899715
CAL-CAND-008,crop_Healthy Leaf00036.JPG,Dataset 02 (Mendeley Single-Leaf Field Crops),Dataset 02 Field Crop,Healthy,expert_verified_crop,False,NONE (0% OVERLAP),Single-Leaf Cropping Study (N=50),SUITABLE_FIELD_CROP,680x680,137.48,0.9998,PASS,87.92,63.1,OOD_REJECTED,Healthy,62.42,263909488a519be711466ad75048c8e1673c2f2b83655941dedd6f7ded09c529,2e98837e1d96c228f93d1d509611a5dc
CAL-CAND-009,crop_Healthy Leaf00051.JPG,Dataset 02 (Mendeley Single-Leaf Field Crops),Dataset 02 Field Crop,Healthy,expert_verified_crop,False,NONE (0% OVERLAP),Single-Leaf Cropping Study (N=50),SUITABLE_FIELD_CROP,680x680,158.53,0.9999,PASS,80.67,63.1,OOD_REJECTED,Healthy,90.57,82330f555fc5d947fe54c6b9466995a614a66a62d12d9f587317d23508af51b9,2ede0b6237f26e3f8b3d2ebcf2612cf7
CAL-CAND-010,crop_Healthy Leaf00056.JPG,Dataset 02 (Mendeley Single-Leaf Field Crops),Dataset 02 Field Crop,Healthy,expert_verified_crop,False,NONE (0% OVERLAP),Single-Leaf Cropping Study (N=50),SUITABLE_FIELD_CROP,680x680,141.57,0.9984,PASS,97.73,63.1,OOD_REJECTED,Healthy,40.34,118d9168e391dfb671a8afee31917b9fd07d2df2212b7c113d6b689d8781d8c3,e08a0ecd46535c6d32d87cb8025a74f7
CAL-CAND-011,crop_Healthy Leaf00058.JPG,Dataset 02 (Mendeley Single-Leaf Field Crops),Dataset 02 Field Crop,Healthy,expert_verified_crop,False,NONE (0% OVERLAP),Single-Leaf Cropping Study (N=50),SUITABLE_FIELD_CROP,680x680,185.82,0.9999,PASS,74.23,63.1,OOD_REJECTED,Healthy,79.35,23e1be769891a8a6a97be75aa9a1c6a3987f6895effe04fb64aec2b6f7b44537,c2e76b9fe36c8f4ebdbdfb45daf69f29
CAL-CAND-012,crop_Healthy Leaf00060.JPG,Dataset 02 (Mendeley Single-Leaf Field Crops),Dataset 02 Field Crop,Healthy,expert_verified_crop,False,NONE (0% OVERLAP),Single-Leaf Cropping Study (N=50),SUITABLE_FIELD_CROP,680x680,168.11,1.0,PASS,74.85,63.1,OOD_REJECTED,Healthy,82.89,408359ecc0aa4e34a294dbfac988e1f6a28c2b2eef7d833f2b45623ce8d3c57b,11aefeaf9a7d3fc8f1381dfa8a3f195e
CAL-CAND-013,crop_Healthy Leaf00063.JPG,Dataset 02 (Mendeley Single-Leaf Field Crops),Dataset 02 Field Crop,Healthy,expert_verified_crop,False,NONE (0% OVERLAP),Single-Leaf Cropping Study (N=50),SUITABLE_FIELD_CROP,680x680,193.65,0.9996,PASS,76.01,63.1,OOD_REJECTED,Healthy,83.84,ba5d21fde4fb27b4eaf7606d749d7877be62133cea810c54a716e25ca2b47754,add6f8d1e95310476d085a47f4ab0783
CAL-CAND-014,crop_Healthy Leaf00071.JPG,Dataset 02 (Mendeley Single-Leaf Field Crops),Dataset 02 Field Crop,Healthy,expert_verified_crop,False,NONE (0% OVERLAP),Single-Leaf Cropping Study (N=50),SUITABLE_FIELD_CROP,680x680,172.86,1.0,PASS,77.47,63.1,OOD_REJECTED,Healthy,87.91,c8992974cf653dc33e28d13d71a42ccdd6c1a9db3d2015664a6c6c88f41bf759,9fe303eeedd2767acd6fe2bf94cec1df
CAL-CAND-015,crop_Healthy Leaf00109.JPG,Dataset 02 (Mendeley Single-Leaf Field Crops),Dataset 02 Field Crop,Healthy,expert_verified_crop,False,NONE (0% OVERLAP),Single-Leaf Cropping Study (N=50),SUITABLE_FIELD_CROP,680x680,177.59,0.9775,PASS,94.08,63.1,OOD_REJECTED,Healthy,60.38,6d8c4cadcdb1d175b4c5162a1b7f4704fec03d925f8e85031bf745b91f385cc7,65d2f87c21f8a4ab0fa82ab0dc3ee1b0
CAL-CAND-016,crop_Healthy Leaf00130.JPG,Dataset 02 (Mendeley Single-Leaf Field Crops),Dataset 02 Field Crop,Healthy,expert_verified_crop,False,NONE (0% OVERLAP),Single-Leaf Cropping Study (N=50),SUITABLE_FIELD_CROP,680x680,204.0,0.9995,PASS,70.29,63.1,OOD_REJECTED,Healthy,73.49,9ae387ce9ae1050188bef69bee85df20904a63f27ce1f7164e113680827c02b1,6ccdc6858ace9db103a6a5fd4182c0a4
CAL-CAND-017,crop_Healthy Leaf00140.JPG,Dataset 02 (Mendeley Single-Leaf Field Crops),Dataset 02 Field Crop,Healthy,expert_verified_crop,False,NONE (0% OVERLAP),Single-Leaf Cropping Study (N=50),SUITABLE_FIELD_CROP,680x680,152.24,0.9997,PASS,79.21,63.1,OOD_REJECTED,Healthy,66.25,2c40d52c08b37fd5b61ae47d4110552764e3077649cc35144844c8fe82411d13,2528802bf6cb19281870053b25d8a90d
CAL-CAND-018,crop_Healthy Leaf00144.JPG,Dataset 02 (Mendeley Single-Leaf Field Crops),Dataset 02 Field Crop,Healthy,expert_verified_crop,False,NONE (0% OVERLAP),Single-Leaf Cropping Study (N=50),SUITABLE_FIELD_CROP,680x680,193.98,0.9996,PASS,94.82,63.1,OOD_REJECTED,Healthy,57.83,80559a1fbba79e3a2d12ab4520899a6199d5e1805fa5c2e83387ae5c3283ecf5,f2ac59bb131e71b33391fe986bc06dec
CAL-CAND-019,crop_Healthy Leaf00152.JPG,Dataset 02 (Mendeley Single-Leaf Field Crops),Dataset 02 Field Crop,Healthy,expert_verified_crop,False,NONE (0% OVERLAP),Single-Leaf Cropping Study (N=50),SUITABLE_FIELD_CROP,680x680,201.43,0.9998,PASS,73.66,63.1,OOD_REJECTED,Healthy,69.31,300f39b6090251c6fcc1f119ef6b8f754f0ac1776794c727803b4ccc8d97ba22,55a0338511dd5a0f7d216fc6df64af8e
CAL-CAND-020,crop_Healthy Leaf00155.JPG,Dataset 02 (Mendeley Single-Leaf Field Crops),Dataset 02 Field Crop,Healthy,expert_verified_crop,False,NONE (0% OVERLAP),Single-Leaf Cropping Study (N=50),SUITABLE_FIELD_CROP,680x680,170.23,0.9992,PASS,89.65,63.1,OOD_REJECTED,Healthy,62.57,70b4becce89217357a5c6743b26c7f5d605cb0163fe3f03377cbe549f3d7a4e4,d733efd295d95d33545895ac5910c850
CAL-CAND-021,crop_Healthy Leaf00164.JPG,Dataset 02 (Mendeley Single-Leaf Field Crops),Dataset 02 Field Crop,Healthy,expert_verified_crop,False,NONE (0% OVERLAP),Single-Leaf Cropping Study (N=50),SUITABLE_FIELD_CROP,680x680,188.43,0.9999,PASS,76.37,63.1,OOD_REJECTED,Healthy,76.2,b41314a886acf8afc5c15e007b495bf7b19e3c9fef32e37940d82e0784986545,068c8e829843bfab9474e83b64be9c2c
CAL-CAND-022,crop_Healthy Leaf00174.JPG,Dataset 02 (Mendeley Single-Leaf Field Crops),Dataset 02 Field Crop,Healthy,expert_verified_crop,False,NONE (0% OVERLAP),Single-Leaf Cropping Study (N=50),SUITABLE_FIELD_CROP,680x680,149.2,0.9989,PASS,88.38,63.1,OOD_REJECTED,Healthy,79.58,4c013de4c0e308adb9177c0ad2d2e33155ea580ad6efd37a34df394fa8f8bcf2,91016a371078f932da5f48a34a273582
CAL-CAND-023,crop_Healthy Leaf00189.JPG,Dataset 02 (Mendeley Single-Leaf Field Crops),Dataset 02 Field Crop,Healthy,expert_verified_crop,False,NONE (0% OVERLAP),Single-Leaf Cropping Study (N=50),SUITABLE_FIELD_CROP,680x680,156.06,0.9997,PASS,88.33,63.1,OOD_REJECTED,Healthy,74.96,de19eabd7a36e654e816a93fbb4fd0cb7a5f931da636f91e3ceb88d9067ded3b,b3077375e93c45e4c496e84b5fec7f63
CAL-CAND-024,crop_Healthy Leaf00190.JPG,Dataset 02 (Mendeley Single-Leaf Field Crops),Dataset 02 Field Crop,Healthy,expert_verified_crop,False,NONE (0% OVERLAP),Single-Leaf Cropping Study (N=50),SUITABLE_FIELD_CROP,680x680,133.34,0.9996,PASS,83.0,63.1,OOD_REJECTED,Healthy,41.78,6fc6db8793aced802c8b9fd119335af67b42e45bf93a53aabb98f4c5c7353044,f4790aa79bc29ad4bc3dbf56acd778fe
CAL-CAND-025,crop_Healthy Leaf00195.JPG,Dataset 02 (Mendeley Single-Leaf Field Crops),Dataset 02 Field Crop,Healthy,expert_verified_crop,False,NONE (0% OVERLAP),Single-Leaf Cropping Study (N=50),SUITABLE_FIELD_CROP,680x680,151.14,0.9998,PASS,88.22,63.1,OOD_REJECTED,Healthy,69.85,83344f5c7903a6ab250067f51eb653e947eafc636c94742ee249e6798cb7d3fa,4ead77d8092aec2a6a46b4a7ab91d3b9
CAL-CAND-026,crop_Leaf Blotch00002.JPG,Dataset 02 (Mendeley Single-Leaf Field Crops),Dataset 02 Field Crop,Blotch,expert_verified_crop,False,NONE (0% OVERLAP),Single-Leaf Cropping Study (N=50),SUITABLE_FIELD_CROP,650x650,189.27,0.9982,PASS,92.22,63.1,OOD_REJECTED,Healthy,56.05,f4b3adfe9634b6bdbbd5cbea83458d8a6b3815b5cd92c7ed735774bcb08fb0d9,d5b3b49e2b5044fb2346589757ec585b
CAL-CAND-027,crop_Leaf Blotch00024.JPG,Dataset 02 (Mendeley Single-Leaf Field Crops),Dataset 02 Field Crop,Blotch,expert_verified_crop,False,NONE (0% OVERLAP),Single-Leaf Cropping Study (N=50),SUITABLE_FIELD_CROP,650x650,155.21,1.0,PASS,87.8,63.1,OOD_REJECTED,Healthy,62.53,8fcc2a09bd2603a49d55a1fb3e872904eded9eb82ea87c446518de0edd2c5c6b,96aab89ec2e6d5ab6feb32b0db030928
CAL-CAND-028,crop_Leaf Blotch00025.JPG,Dataset 02 (Mendeley Single-Leaf Field Crops),Dataset 02 Field Crop,Blotch,expert_verified_crop,False,NONE (0% OVERLAP),Single-Leaf Cropping Study (N=50),SUITABLE_FIELD_CROP,620x620,123.3,0.9999,PASS,74.76,63.1,OOD_REJECTED,Blotch,62.01,7c3db42fda638a6cd3fd2a4d590871a2e3731f43608a89be2ab83dca6277ce9b,28b773a1a824461abfe6a071e8aeaeac
CAL-CAND-029,crop_Leaf Blotch00027.JPG,Dataset 02 (Mendeley Single-Leaf Field Crops),Dataset 02 Field Crop,Blotch,expert_verified_crop,False,NONE (0% OVERLAP),Single-Leaf Cropping Study (N=50),SUITABLE_FIELD_CROP,650x650,169.23,0.9993,PASS,79.96,63.1,OOD_REJECTED,Blotch,46.57,cf938df6f4de9057723d9280f8c8328fb858ea347486387d3b61162e697162a7,8c42e704105c3b711461e4163bfdbc58
CAL-CAND-030,crop_Leaf Blotch00040.JPG,Dataset 02 (Mendeley Single-Leaf Field Crops),Dataset 02 Field Crop,Blotch,expert_verified_crop,False,NONE (0% OVERLAP),Single-Leaf Cropping Study (N=50),SUITABLE_FIELD_CROP,650x650,216.9,0.2615,REJECT,84.77,63.1,OOD_REJECTED,Healthy,50.4,fe6d9d4459cfc01a79c800f5a5400ee8c027ba96276c222a4cead4425c215d2b,ec5427531e98caa74d85a74f0bfb6f0d
CAL-CAND-031,crop_Leaf Blotch00041.JPG,Dataset 02 (Mendeley Single-Leaf Field Crops),Dataset 02 Field Crop,Blotch,expert_verified_crop,False,NONE (0% OVERLAP),Single-Leaf Cropping Study (N=50),SUITABLE_FIELD_CROP,650x650,213.17,0.5867,PASS,90.55,63.1,OOD_REJECTED,Healthy,39.61,5e247bc2643e2bca66521cc64ce534e5e9a9068d4eaa3e26bc3fd7ea734d7016,ee781772c83c1f18a685a747c84dfea4
CAL-CAND-032,crop_Leaf Blotch00056.JPG,Dataset 02 (Mendeley Single-Leaf Field Crops),Dataset 02 Field Crop,Blotch,expert_verified_crop,False,NONE (0% OVERLAP),Single-Leaf Cropping Study (N=50),SUITABLE_FIELD_CROP,650x650,205.96,0.9,PASS,86.81,63.1,OOD_REJECTED,Healthy,59.19,4c8cb26cf1a8b8ee34dec4928377011b8212898d8cef266ce0d9d2f8f27c117d,b3b1a171445156939a675511ca8771b8
CAL-CAND-033,crop_Leaf Blotch00057.JPG,Dataset 02 (Mendeley Single-Leaf Field Crops),Dataset 02 Field Crop,Blotch,expert_verified_crop,False,NONE (0% OVERLAP),Single-Leaf Cropping Study (N=50),SUITABLE_FIELD_CROP,650x650,248.07,0.8759,PASS,95.66,63.1,OOD_REJECTED,Healthy,58.79,31dcbdfc4fb0bf3694d7fc7bdd2b7e31eb02d2404f4178f02d1ce89e41254be4,f82fe8e63f63d7fedf24f7eab77c6e02
CAL-CAND-034,crop_Leaf Blotch00072.JPG,Dataset 02 (Mendeley Single-Leaf Field Crops),Dataset 02 Field Crop,Blotch,expert_verified_crop,False,NONE (0% OVERLAP),Single-Leaf Cropping Study (N=50),SUITABLE_FIELD_CROP,650x650,191.5,0.9879,PASS,98.3,63.1,OOD_REJECTED,Healthy,63.92,eaf596392107d02bd76f829aec9bd89627d06497eb6d0827393821c77a8b19cd,01231dd9801edb06dca279acd0553c4d
CAL-CAND-035,crop_Leaf Blotch00087.JPG,Dataset 02 (Mendeley Single-Leaf Field Crops),Dataset 02 Field Crop,Blotch,expert_verified_crop,False,NONE (0% OVERLAP),Single-Leaf Cropping Study (N=50),SUITABLE_FIELD_CROP,650x650,236.13,0.709,PASS,78.66,63.1,OOD_REJECTED,Healthy,30.41,3f281381666ad36b0c34c53a53eeffd491fc61ed200b1cef2980c34116dafcd9,c8e84d2c73cf03eb21c18404be8a7f4e
CAL-CAND-036,crop_Leaf Blotch00088.JPG,Dataset 02 (Mendeley Single-Leaf Field Crops),Dataset 02 Field Crop,Blotch,expert_verified_crop,False,NONE (0% OVERLAP),Single-Leaf Cropping Study (N=50),SUITABLE_FIELD_CROP,650x650,212.17,0.4927,REJECT,88.61,63.1,OOD_REJECTED,Healthy,32.63,2ec225eba8422d090a4b92c7dbb8869389ce18336e94fdce312c0879224cd265,ca14bab4ce46182d56fb2da9d840e85f
CAL-CAND-037,crop_Leaf Blotch00089.JPG,Dataset 02 (Mendeley Single-Leaf Field Crops),Dataset 02 Field Crop,Blotch,expert_verified_crop,False,NONE (0% OVERLAP),Single-Leaf Cropping Study (N=50),SUITABLE_FIELD_CROP,650x650,220.38,0.7036,PASS,93.31,63.1,OOD_REJECTED,Healthy,43.13,4bbeed7ac494980735394575249c35641dcf9bf2314c49f81a7fe61ca74c4ac8,81e361b79463f61029fe3f3ed55830bd
CAL-CAND-038,crop_Leaf Blotch00092.JPG,Dataset 02 (Mendeley Single-Leaf Field Crops),Dataset 02 Field Crop,Blotch,expert_verified_crop,False,NONE (0% OVERLAP),Single-Leaf Cropping Study (N=50),SUITABLE_FIELD_CROP,650x650,222.17,0.8327,PASS,78.7,63.1,OOD_REJECTED,Blotch,43.07,a87bfac508b1b116ed4989e8703e99e720ded081d821a515943d9e462eed3a85,7eb6d6f02c18d7cffe62f0c8df1bbba1
CAL-CAND-039,crop_Leaf Blotch00098.JPG,Dataset 02 (Mendeley Single-Leaf Field Crops),Dataset 02 Field Crop,Blotch,expert_verified_crop,False,NONE (0% OVERLAP),Single-Leaf Cropping Study (N=50),SUITABLE_FIELD_CROP,650x650,153.0,0.4365,REJECT,91.35,63.1,OOD_REJECTED,Healthy,46.82,8e7df21f17ec6d500942b5d00454195ab161897b13787146394ff203dd317269,f7259eefcc57464707501d9789008db2
CAL-CAND-040,crop_Leaf Blotch00108.JPG,Dataset 02 (Mendeley Single-Leaf Field Crops),Dataset 02 Field Crop,Blotch,expert_verified_crop,False,NONE (0% OVERLAP),Single-Leaf Cropping Study (N=50),SUITABLE_FIELD_CROP,650x650,203.67,0.646,PASS,81.48,63.1,OOD_REJECTED,Healthy,30.16,09dccfaf5d48b343fdc3d5f376fb94e80c02f2e329df4b6dcbd6fc830415211a,d761bc18f3cdf2f388c8225d9515f73e
CAL-CAND-041,crop_Leaf Blotch00109.JPG,Dataset 02 (Mendeley Single-Leaf Field Crops),Dataset 02 Field Crop,Blotch,expert_verified_crop,False,NONE (0% OVERLAP),Single-Leaf Cropping Study (N=50),SUITABLE_FIELD_CROP,650x650,187.87,0.9983,PASS,88.55,63.1,OOD_REJECTED,Leaf Spot,29.88,62a7c86157276a4bd94a58ca1c320d5ef165309d25f95f635e2b3b2ad49dee71,7f65e22d7f56f38fe44c07fc1079b557
CAL-CAND-042,crop_Leaf Blotch00115.JPG,Dataset 02 (Mendeley Single-Leaf Field Crops),Dataset 02 Field Crop,Blotch,expert_verified_crop,False,NONE (0% OVERLAP),Single-Leaf Cropping Study (N=50),SUITABLE_FIELD_CROP,650x650,192.28,0.8766,PASS,94.48,63.1,OOD_REJECTED,Healthy,42.15,2c1eac423c743b030ef3d455d2d2ff4ef93b608402e2ca8d4973fe740846f952,7ad915354a91a16a4c8d048a4aed9a12
CAL-CAND-043,crop_Leaf Blotch00140.JPG,Dataset 02 (Mendeley Single-Leaf Field Crops),Dataset 02 Field Crop,Blotch,expert_verified_crop,False,NONE (0% OVERLAP),Single-Leaf Cropping Study (N=50),SUITABLE_FIELD_CROP,650x650,240.37,0.7427,PASS,83.24,63.1,OOD_REJECTED,Healthy,46.79,91fb373eb8263f6102ae3c1d625a1e60bf8999f777f95517067a3ed6dc6a54bb,74b6aad106950390dc647bc93a2bb750
CAL-CAND-044,crop_Leaf Blotch00151.JPG,Dataset 02 (Mendeley Single-Leaf Field Crops),Dataset 02 Field Crop,Blotch,expert_verified_crop,False,NONE (0% OVERLAP),Single-Leaf Cropping Study (N=50),SUITABLE_FIELD_CROP,650x650,189.69,0.932,PASS,79.57,63.1,OOD_REJECTED,Healthy,37.27,08c8817b099b4348c78a9f2cd409b9f48648c2ba494995cab59c3e62bfa1ad32,aa1681c55bb8699bfe67ea93ba91ab06
CAL-CAND-045,crop_Leaf Blotch00155.JPG,Dataset 02 (Mendeley Single-Leaf Field Crops),Dataset 02 Field Crop,Blotch,expert_verified_crop,False,NONE (0% OVERLAP),Single-Leaf Cropping Study (N=50),SUITABLE_FIELD_CROP,650x650,212.18,0.2133,REJECT,82.07,63.1,OOD_REJECTED,Healthy,33.48,3b69ab519ef04f5dde46f8ee3f130ff9b6ee596a9cb35c06477319ca1e400614,a91f88cfb9f572d578ea25a72f85c336
CAL-CAND-046,crop_Leaf Blotch00167.JPG,Dataset 02 (Mendeley Single-Leaf Field Crops),Dataset 02 Field Crop,Blotch,expert_verified_crop,False,NONE (0% OVERLAP),Single-Leaf Cropping Study (N=50),SUITABLE_FIELD_CROP,650x650,221.1,0.8814,PASS,90.28,63.1,OOD_REJECTED,Healthy,59.02,245c62554ee125530731ed9c031e9169e73ac9ab2c107600418cfb8485ff6a63,8d797ceb8e860a4b7954c309e0e39d28
CAL-CAND-047,crop_Leaf Blotch00179.JPG,Dataset 02 (Mendeley Single-Leaf Field Crops),Dataset 02 Field Crop,Blotch,expert_verified_crop,False,NONE (0% OVERLAP),Single-Leaf Cropping Study (N=50),SUITABLE_FIELD_CROP,650x650,214.91,0.9434,PASS,89.09,63.1,OOD_REJECTED,Healthy,38.12,becd4a8bdcfbab8031b2cf1938c20529398ac55d7507a34a2a2d58712f98ac2d,a7fc25833af82a3defa072a9ed43905c
CAL-CAND-048,crop_Leaf Blotch00180.JPG,Dataset 02 (Mendeley Single-Leaf Field Crops),Dataset 02 Field Crop,Blotch,expert_verified_crop,False,NONE (0% OVERLAP),Single-Leaf Cropping Study (N=50),SUITABLE_FIELD_CROP,650x650,202.44,0.9891,PASS,100.54,63.1,OOD_REJECTED,Healthy,52.72,fa24eceac203f127739c96e6613c42a244e9ec143d601778e81e9e49bfa56199,52344fb64a2d0dc6b834c312eb049b01
CAL-CAND-049,crop_Leaf Blotch00184.JPG,Dataset 02 (Mendeley Single-Leaf Field Crops),Dataset 02 Field Crop,Blotch,expert_verified_crop,False,NONE (0% OVERLAP),Single-Leaf Cropping Study (N=50),SUITABLE_FIELD_CROP,650x650,169.01,0.9741,PASS,81.27,63.1,OOD_REJECTED,Healthy,39.17,0e95c89d442aaaa91753a5345691d22e9e0f77ff8e91f5168b1418ffb935fd6d,cb0f546b0f581ebd2fe89ef437126ce0
CAL-CAND-050,crop_Leaf Blotch00191.JPG,Dataset 02 (Mendeley Single-Leaf Field Crops),Dataset 02 Field Crop,Blotch,expert_verified_crop,False,NONE (0% OVERLAP),Single-Leaf Cropping Study (N=50),SUITABLE_FIELD_CROP,650x650,200.75,0.8992,PASS,94.02,63.1,OOD_REJECTED,Healthy,35.66,61a1cc819287e46420ad86494957d9eab9df06b45ea12abf4a0dc28c778488f0,152216f34bc5918fc4e31c53700aa416
CAL-CAND-051,Healthy Leaf00001.JPG,Dataset 02 (Mendeley Raw Field Photos),Dataset 02 Raw Canopy,Healthy,source_metadata_label,False,NONE (0% OVERLAP),Field Domain Stress Test (N=27),UNSUITABLE_WIDE_CANOPY,1000x1000,212.22,1.0,PASS,86.59,63.1,OOD_REJECTED,Healthy,72.75,deb5ffe72b5f7747673a6c496d7804c5b494f4dae802379b174cdf981c45463e,8a34836f2778d063a4c80709e6f201a4
CAL-CAND-052,Healthy Leaf00022.JPG,Dataset 02 (Mendeley Raw Field Photos),Dataset 02 Raw Canopy,Healthy,source_metadata_label,False,NONE (0% OVERLAP),Field Domain Stress Test (N=27),UNSUITABLE_WIDE_CANOPY,1000x1000,277.13,1.0,PASS,67.17,63.1,OOD_REJECTED,Healthy,86.13,d8be99c09abc0e65ad83fb5cc68dfb69ac5474385fca7cc854ef8835a5b04f88,4e30cc95328eb3384d395080bf8a6e63
CAL-CAND-053,Healthy Leaf00044.JPG,Dataset 02 (Mendeley Raw Field Photos),Dataset 02 Raw Canopy,Healthy,source_metadata_label,False,NONE (0% OVERLAP),Field Domain Stress Test (N=27),UNSUITABLE_WIDE_CANOPY,1000x1000,192.23,0.9999,PASS,80.04,63.1,OOD_REJECTED,Healthy,35.28,85f359b6d7ed3fe975c1b2572dded0dd7488db031a8711141188079fa9fd9314,7fbf3ad6e1ea13303abcf35f770ba24e
CAL-CAND-054,Healthy Leaf00065.JPG,Dataset 02 (Mendeley Raw Field Photos),Dataset 02 Raw Canopy,Healthy,source_metadata_label,False,NONE (0% OVERLAP),Field Domain Stress Test (N=27),UNSUITABLE_WIDE_CANOPY,1000x1000,313.66,1.0,PASS,79.98,63.1,OOD_REJECTED,Healthy,67.48,28236f024f18074ce9cd21ff34cb3390f7f45494be25ceda51a0cbe3aa151dda,8d93174214365ebbf4eaacd8316e7f85
CAL-CAND-055,Healthy Leaf00087.JPG,Dataset 02 (Mendeley Raw Field Photos),Dataset 02 Raw Canopy,Healthy,source_metadata_label,False,NONE (0% OVERLAP),Field Domain Stress Test (N=27),UNSUITABLE_WIDE_CANOPY,1000x1000,248.92,0.9986,PASS,88.62,63.1,OOD_REJECTED,Healthy,53.31,5b40a4027fe638f6364a7ff3e4181e5afdbbe8aced836b00912612605e81b46d,45c8439eaf490a21922cc5b2456e7392
CAL-CAND-056,Healthy Leaf00108.JPG,Dataset 02 (Mendeley Raw Field Photos),Dataset 02 Raw Canopy,Healthy,source_metadata_label,False,NONE (0% OVERLAP),Field Domain Stress Test (N=27),UNSUITABLE_WIDE_CANOPY,1000x1000,238.23,1.0,PASS,89.53,63.1,OOD_REJECTED,Healthy,82.38,bcbc5c254b0923c374a1f02371427c186229418f88258d477567fe1d8e110447,f3a8c4e9d76bb1a8f6340ea079e1a1b5
CAL-CAND-057,Healthy Leaf00130.JPG,Dataset 02 (Mendeley Raw Field Photos),Dataset 02 Raw Canopy,Healthy,source_metadata_label,False,NONE (0% OVERLAP),Field Domain Stress Test (N=27),UNSUITABLE_WIDE_CANOPY,1000x1000,266.51,1.0,PASS,80.32,63.1,OOD_REJECTED,Healthy,77.35,8dd15d6d930de2e7c23cf855742b0974f0f64fb82a49cbb5dc9515cb77bf6833,c54c4f805dc390dfc4f8b110dfd6c8c3
CAL-CAND-058,Healthy Leaf00151.JPG,Dataset 02 (Mendeley Raw Field Photos),Dataset 02 Raw Canopy,Healthy,source_metadata_label,False,NONE (0% OVERLAP),Field Domain Stress Test (N=27),UNSUITABLE_WIDE_CANOPY,1000x1000,196.12,1.0,PASS,77.78,63.1,OOD_REJECTED,Healthy,83.54,463c175453c4b8a3911530febe9a954b887588b44c262e0912ba0261bbd0e71c,2f36df0f35e1c5c35cda9019d8d06c95
CAL-CAND-059,Healthy Leaf00173.JPG,Dataset 02 (Mendeley Raw Field Photos),Dataset 02 Raw Canopy,Healthy,source_metadata_label,False,NONE (0% OVERLAP),Field Domain Stress Test (N=27),UNSUITABLE_WIDE_CANOPY,1000x1000,201.98,1.0,PASS,84.31,63.1,OOD_REJECTED,Healthy,56.4,df742f9f9364798f0126f9efea032e6fc844e2db652423f0ea87f45ef6de6340,683d76df58a05ba35c312c15abe265a3
CAL-CAND-060,Leaf Blotch00001.JPG,Dataset 02 (Mendeley Raw Field Photos),Dataset 02 Raw Canopy,Blotch,source_metadata_label,False,NONE (0% OVERLAP),Field Domain Stress Test (N=27),UNSUITABLE_WIDE_CANOPY,1000x1000,236.76,0.9999,PASS,81.89,63.1,OOD_REJECTED,Healthy,56.21,f461942049356cd766f3c3d99a694b69dc0861a87e650f004c6e580385152328,a9ee672c7c60fbf91b652c9b1895dd88
CAL-CAND-061,Leaf Blotch00023.JPG,Dataset 02 (Mendeley Raw Field Photos),Dataset 02 Raw Canopy,Blotch,source_metadata_label,False,NONE (0% OVERLAP),Field Domain Stress Test (N=27),UNSUITABLE_WIDE_CANOPY,1000x1000,246.31,0.9994,PASS,90.33,63.1,OOD_REJECTED,Healthy,54.17,088d109e2e6e0975cd20e6cdd899b01c565f6420bbe942e718f24ee32f169fe2,f1e8268e3196c89597494ee57e18b7bd
CAL-CAND-062,Leaf Blotch00045.JPG,Dataset 02 (Mendeley Raw Field Photos),Dataset 02 Raw Canopy,Blotch,source_metadata_label,False,NONE (0% OVERLAP),Field Domain Stress Test (N=27),UNSUITABLE_WIDE_CANOPY,1000x1000,342.93,0.9617,PASS,84.46,63.1,OOD_REJECTED,Blotch,37.6,68d0f0d4ed4354dd2a5b940f25a3328d55a113d365482061e1705dd0315d1d9f,4e6add978795c1a2a5289b4847da3f10
CAL-CAND-063,Leaf Blotch00067.JPG,Dataset 02 (Mendeley Raw Field Photos),Dataset 02 Raw Canopy,Blotch,source_metadata_label,False,NONE (0% OVERLAP),Field Domain Stress Test (N=27),UNSUITABLE_WIDE_CANOPY,1000x1000,287.41,0.9999,PASS,87.63,63.1,OOD_REJECTED,Blotch,42.08,c2dfa1f9fec4db254da35e6107f18d855e4cf6093ab9c12500ab4fc053f8a388,6a575ef171b63f7968886b4aef209354
CAL-CAND-064,Leaf Blotch00089.JPG,Dataset 02 (Mendeley Raw Field Photos),Dataset 02 Raw Canopy,Blotch,source_metadata_label,False,NONE (0% OVERLAP),Field Domain Stress Test (N=27),UNSUITABLE_WIDE_CANOPY,1000x1000,333.97,0.7133,PASS,85.59,63.1,OOD_REJECTED,Healthy,39.51,87e83a204f4470758a083c3b1efd64a783fd20559d3039d19c9dfd25ee9b6881,7c1b688b79bdfed8b3f29fe900c43c3c
CAL-CAND-065,Leaf Blotch00111.JPG,Dataset 02 (Mendeley Raw Field Photos),Dataset 02 Raw Canopy,Blotch,source_metadata_label,False,NONE (0% OVERLAP),Field Domain Stress Test (N=27),UNSUITABLE_WIDE_CANOPY,1000x1000,250.61,0.9829,PASS,82.71,63.1,OOD_REJECTED,Blotch,42.04,292f1987ec3417395b85963f3d562eed2d138c3201d7374a5d24bed63b5a0493,31aca8058931b1207b753607cb04ca75
CAL-CAND-066,Leaf Blotch00133.JPG,Dataset 02 (Mendeley Raw Field Photos),Dataset 02 Raw Canopy,Blotch,source_metadata_label,False,NONE (0% OVERLAP),Field Domain Stress Test (N=27),UNSUITABLE_WIDE_CANOPY,1000x1000,234.12,0.954,PASS,79.86,63.1,OOD_REJECTED,Healthy,41.71,bff16fd319eb3d7c18927a318bf90dccc1625a9876520c49b98795ab8500aae4,15cbfdb002f25400417855b454bfa04d
CAL-CAND-067,Leaf Blotch00155.JPG,Dataset 02 (Mendeley Raw Field Photos),Dataset 02 Raw Canopy,Blotch,source_metadata_label,False,NONE (0% OVERLAP),Field Domain Stress Test (N=27),UNSUITABLE_WIDE_CANOPY,1000x1000,337.12,0.9187,PASS,81.41,63.1,OOD_REJECTED,Healthy,36.62,ed10c897f8b56297bca7a2966207bd007fe3f453562b646f042fa919b6c06aeb,0533765aca1393de0479c0cf2bc60f4b
CAL-CAND-068,Leaf Blotch00177.JPG,Dataset 02 (Mendeley Raw Field Photos),Dataset 02 Raw Canopy,Blotch,source_metadata_label,False,NONE (0% OVERLAP),Field Domain Stress Test (N=27),UNSUITABLE_WIDE_CANOPY,1000x1000,222.7,0.2169,REJECT,93.27,63.1,OOD_REJECTED,Healthy,45.03,ed72c90f57f85d2aeaea83623028149d844bbd3fa6e7d20e47d97d57aa56a39f,4c1a0aa6dd706c618dd33bebe37d4f47
CAL-CAND-069,Dry Leaf00001.JPG,Dataset 02 (Mendeley Raw Field Photos),Dataset 02 Raw Canopy,Unknown,source_metadata_label,False,NONE (0% OVERLAP),Field Domain Stress Test (N=27),UNSUITABLE_SENESCENT,1000x1000,219.62,0.8479,PASS,78.15,63.1,OOD_REJECTED,Blotch,34.83,e1c589a5298a3e87c82dc61d7eef4155df59d1d6158bf5c49ce3fa36d803a09c,ba5bd3a4816eb75d302e5d0a3b310ba7
CAL-CAND-070,Dry Leaf00023.JPG,Dataset 02 (Mendeley Raw Field Photos),Dataset 02 Raw Canopy,Unknown,source_metadata_label,False,NONE (0% OVERLAP),Field Domain Stress Test (N=27),UNSUITABLE_SENESCENT,1000x1000,170.42,0.9998,PASS,74.88,63.1,OOD_REJECTED,Blotch,42.69,c5c842e23075cf1d7f635e7b91eeb0d4581960cf85b77eb65e0e23551d42e8e4,189c3e322ee4c18dab9f7eeba606958a
CAL-CAND-071,Dry Leaf00046.JPG,Dataset 02 (Mendeley Raw Field Photos),Dataset 02 Raw Canopy,Unknown,source_metadata_label,False,NONE (0% OVERLAP),Field Domain Stress Test (N=27),UNSUITABLE_SENESCENT,1000x1000,160.14,0.7876,PASS,75.29,63.1,OOD_REJECTED,Blotch,46.76,384058d51292ecb2f5be2d5707461e9c11ca60ffd9ab8343b6f84ec535e5558b,5dd03362c20244b9e3fccec76fc1d1a8
CAL-CAND-072,Dry Leaf00068.JPG,Dataset 02 (Mendeley Raw Field Photos),Dataset 02 Raw Canopy,Unknown,source_metadata_label,False,NONE (0% OVERLAP),Field Domain Stress Test (N=27),UNSUITABLE_SENESCENT,1000x1000,191.45,0.9941,PASS,68.47,63.1,OOD_REJECTED,Blotch,44.21,52e9a9427a766063b6188e14074404f0badc1328ef70c010788a4056a44bdcc9,68dc5e602aa018afddf34912d57592d4
CAL-CAND-073,Dry Leaf00091.JPG,Dataset 02 (Mendeley Raw Field Photos),Dataset 02 Raw Canopy,Unknown,source_metadata_label,False,NONE (0% OVERLAP),Field Domain Stress Test (N=27),UNSUITABLE_SENESCENT,1000x1000,175.54,0.9648,PASS,69.51,63.1,OOD_REJECTED,Blotch,52.23,a2152f2967b974d5700b5ba31c0ccfd831e9d23ec967e85defcc37d73c88f3bb,def3ef0e8955a1c831be15179fceffd2
CAL-CAND-074,Dry Leaf00113.JPG,Dataset 02 (Mendeley Raw Field Photos),Dataset 02 Raw Canopy,Unknown,source_metadata_label,False,NONE (0% OVERLAP),Field Domain Stress Test (N=27),UNSUITABLE_SENESCENT,1000x1000,184.83,0.9082,PASS,79.59,63.1,OOD_REJECTED,Blotch,40.97,7f48a03e164eb9825f2b4a82b67291ba21dc38ae273caefd226bd033aa10038d,3a08c48096b1fe891c438358cbb5e6da
CAL-CAND-075,Dry Leaf00136.JPG,Dataset 02 (Mendeley Raw Field Photos),Dataset 02 Raw Canopy,Unknown,source_metadata_label,False,NONE (0% OVERLAP),Field Domain Stress Test (N=27),UNSUITABLE_SENESCENT,1000x1000,179.37,0.9967,PASS,81.59,63.1,OOD_REJECTED,Blotch,39.09,a883398f84117102ccab5d46d2113f627522b99a4147fde0bc503b104ab976f7,a62fa9fa53074aa0b7fe8674a61329ae
CAL-CAND-076,Dry Leaf00158.JPG,Dataset 02 (Mendeley Raw Field Photos),Dataset 02 Raw Canopy,Unknown,source_metadata_label,False,NONE (0% OVERLAP),Field Domain Stress Test (N=27),UNSUITABLE_SENESCENT,1000x1000,171.35,0.884,PASS,73.86,63.1,OOD_REJECTED,Leaf Spot,56.51,07e7b8bd735fc315330706c282368918211f1667629ef50da2f7ec2ee1d3f167,178d958d91a9ae254ac4014591bd82d3
CAL-CAND-077,Dry Leaf00181.JPG,Dataset 02 (Mendeley Raw Field Photos),Dataset 02 Raw Canopy,Unknown,source_metadata_label,False,NONE (0% OVERLAP),Field Domain Stress Test (N=27),UNSUITABLE_SENESCENT,1000x1000,171.73,0.9999,PASS,79.42,63.1,OOD_REJECTED,Blotch,71.23,4972914e507bd3517d7e4e8b435932324dc931e1e7a4a09d9df5368eeb5ef181,651f4177b511212737ee267f8e91d874
CAL-CAND-078,WhatsApp Image 2026-09-23 at 3.36.06 PM.jpeg,Direct User Field Upload (Smartphone),Smartphone Field Photo,Healthy,visual_field_confirmed,False,NONE (0% OVERLAP),Live Field Diagnosis Trace (2026-09-23),SUITABLE_SINGLE_LEAF,451x681,26.86,0.9999,PASS,94.18,63.1,OOD_REJECTED,Healthy,77.59,28da9ba28bb78400c6979c03a128360cd6e7f5195fc9c84075d5cdc9590ec299,4a27b92fc008c3469647cb30ac348add
CAL-CAND-079,WhatsApp Image 2026-09-20 at 7.42.37 PM.jpeg,Direct User Field Upload (Smartphone),Smartphone Field Photo,Blotch,visual_field_confirmed,False,NONE (0% OVERLAP),Live Field Diagnosis Trace (2026-09-23),SUITABLE_SINGLE_LEAF,960x1280,31.13,0.5081,PASS,73.49,63.1,OOD_REJECTED,Blotch,66.46,e3bad47cc992ca1a8d1399b6539e15ffd4d7e6facbcc39411f476c9ca5a7725f,579b7466c71bbe285f79679724114985
CAL-CAND-080,WhatsApp Image 2026-09-20 at 9.38.51 PM.jpeg,Direct User Field Upload (Smartphone),Smartphone Field Photo,Healthy,visual_field_confirmed,False,NONE (0% OVERLAP),Live Field Diagnosis Trace (2026-09-23),SUITABLE_SINGLE_LEAF,554x554,16.19,1.0,PASS,97.18,63.1,OOD_REJECTED,Healthy,71.42,638aa5d5ba47322b47582c27a585be6f2c2e65b6ae8537d4b2d0e81b0e8e62c7,d883f440b7dc4a307161ee7ec32d00eb
CAL-CAND-081,WhatsApp Image 2026-09-20 at 9.46.20 PM.jpeg,Direct User Field Upload (Smartphone),Smartphone Field Photo,Healthy,visual_field_confirmed,False,NONE (0% OVERLAP),Live Field Diagnosis Trace (2026-09-23),SUITABLE_SINGLE_LEAF,477x640,99.42,0.9774,PASS,87.9,63.1,OOD_REJECTED,Healthy,49.51,8765677c301fc6a9bc17fa7a08b462915d0532db4ebaddcaaa379dd7dcc26228,5a6001d552ec5232ec57cbc8d46f564d
CAL-CAND-082,WhatsApp Image 2026-09-20 at 9.55.44 PM.jpeg,Direct User Field Upload (Smartphone),Smartphone Field Photo,Healthy,visual_field_confirmed,False,NONE (0% OVERLAP),Live Field Diagnosis Trace (2026-09-23),SUITABLE_SINGLE_LEAF,224x224,18.67,0.9591,PASS,82.52,63.1,OOD_REJECTED,Healthy,50.26,c0a44644727b979711614357b3767c53c06dfc3e4593f1c6172dc6d56e4c7f4d,6cbc64131c9d14a6a4546ae7d7f3c2c6
CAL-CAND-083,WhatsApp Image 2026-09-21 at 11.21.55 PM.jpeg,Direct User Field Upload (Smartphone),Smartphone Field Photo,Leaf Spot,visual_field_confirmed,False,NONE (0% OVERLAP),Live Field Diagnosis Trace (2026-09-23),SUITABLE_SINGLE_LEAF,1536x1024,108.81,0.9953,PASS,78.62,63.1,OOD_REJECTED,Leaf Spot,31.3,bac4ce43a322f22fef512a0d36db914d538a0d27d62555e31fb80da5b8f0fe82,7166a40893bc1f0c7af4e85a5648ea58
CAL-CAND-084,WhatsApp Image 2026-09-20 at 4.08.11 PM.jpeg,Direct User Field Upload (Smartphone),Smartphone Field Photo,Blotch,visual_field_confirmed,False,NONE (0% OVERLAP),Live Field Diagnosis Trace (2026-09-23),SUITABLE_SINGLE_LEAF,276x251,18.03,0.4918,REJECT,79.13,63.1,OOD_REJECTED,Healthy,34.25,62820af8e5f0a3ab108c2618d31060cebee6d6eb25c8261637eb3b6cc3610d19,c6030b9d7d9971ffa0d9394f948567eb
CAL-CAND-085,WhatsApp Image 2026-09-20 at 9.42.44 PM.jpeg,Direct User Field Upload (Smartphone),Smartphone Field Photo,Leaf Spot,visual_field_confirmed,False,NONE (0% OVERLAP),Live Field Diagnosis Trace (2026-09-23),SUITABLE_SINGLE_LEAF,200x151,2.55,0.9998,PASS,83.69,63.1,OOD_REJECTED,Leaf Spot,41.86,821335795cf0ba20f8d3c1b28d00ff28ae4414426ea6b7a0af0751c32dfbfe88,49e2f7f2425ee4d5064b52e7cdc1af5e
